customer_id,total_rides,avg_rating_given
CUST_1000,5,4.34
CUST_1001,4,3.7
CUST_1002,2,4.6
CUST_1003,3,3.766666666666667
CUST_1004,4,3.7750000000000004
CUST_1005,3,4.233333333333333
CUST_1006,2,3.9000000000000004
CUST_1007,2,4.35
CUST_1008,5,3.9
CUST_1009,5,4.24
CUST_1010,5,3.96
CUST_1011,5,3.6399999999999997
CUST_1012,2,3.25
CUST_1013,5,3.9200000000000004
CUST_1014,2,4.2
CUST_1015,1,4.9
CUST_1016,5,4.380000000000001
CUST_1017,4,3.5749999999999997
CUST_1018,2,3.4
CUST_1019,4,4.375
CUST_1020,4,4.1
CUST_1021,1,3.1
CUST_1022,3,3.8666666666666667
CUST_1023,5,3.9
CUST_1024,4,3.7
CUST_1025,5,4.18
CUST_1026,3,3.966666666666667
CUST_1027,2,4.0
CUST_1028,1,4.4
CUST_1029,2,3.7
CUST_1030,1,4.4
CUST_1031,2,4.25
CUST_1032,3,3.866666666666667
CUST_1033,3,4.0
CUST_1034,4,3.925
CUST_1035,4,3.875
CUST_1036,5,3.88
CUST_1037,3,4.2
CUST_1039,1,4.6
CUST_1040,5,4.46
CUST_1041,2,3.35
CUST_1042,4,3.925
CUST_1043,5,4.2
CUST_1044,5,4.159999999999999
CUST_1045,5,4.08
CUST_1046,4,3.975
CUST_1047,3,4.5
CUST_1048,2,3.25
CUST_1049,3,4.3999999999999995
CUST_1050,7,4.485714285714286
CUST_1051,3,3.5666666666666664
CUST_1052,3,3.633333333333333
CUST_1053,2,4.0
CUST_1054,4,4.2
CUST_1055,3,4.266666666666667
CUST_1056,6,3.983333333333333
CUST_1057,2,3.55
CUST_1058,4,4.3500000000000005
CUST_1059,3,3.8000000000000003
CUST_1060,7,3.5714285714285716
CUST_1061,3,4.633333333333334
CUST_1062,3,3.866666666666667
CUST_1063,3,3.6333333333333333
CUST_1064,1,3.0
CUST_1065,1,4.8
CUST_1066,3,4.0
CUST_1067,3,4.133333333333333
CUST_1068,4,3.875
CUST_1069,1,3.8
CUST_1070,9,3.9555555555555557
CUST_1071,5,4.16
CUST_1072,4,4.2
CUST_1073,2,3.7
CUST_1074,3,4.433333333333334
CUST_1075,1,5.0
CUST_1076,6,3.85
CUST_1077,2,4.15
CUST_1078,3,3.766666666666667
CUST_1079,3,4.233333333333333
CUST_1080,4,4.15
CUST_1081,5,4.08
CUST_1082,5,4.279999999999999
CUST_1083,3,4.5
CUST_1084,5,4.2
CUST_1085,3,4.166666666666667
CUST_1086,3,4.166666666666667
CUST_1087,3,3.766666666666666
CUST_1088,1,3.6
CUST_1089,2,3.55
CUST_1090,1,4.3
CUST_1091,5,3.88
CUST_1092,3,4.033333333333333
CUST_1093,2,3.5
CUST_1094,2,3.75
CUST_1095,5,3.66
CUST_1096,7,4.142857142857143
CUST_1097,3,4.3
CUST_1098,1,4.4
CUST_1099,2,3.8
CUST_1100,5,3.9799999999999995
CUST_1102,4,4.1
CUST_1103,3,4.266666666666667
CUST_1104,7,3.8428571428571425
CUST_1105,5,4.1
CUST_1106,4,4.325
CUST_1107,4,4.625
CUST_1108,5,3.72
CUST_1109,1,4.3
CUST_1110,4,3.65
CUST_1111,2,4.0
CUST_1112,4,4.025
CUST_1113,3,4.3
CUST_1114,4,4.0
CUST_1115,1,4.0
CUST_1116,5,3.8200000000000003
CUST_1117,3,3.966666666666667
CUST_1118,6,3.5333333333333337
CUST_1119,4,3.9499999999999997
CUST_1120,3,4.033333333333334
CUST_1121,6,4.016666666666667
CUST_1124,5,3.8
CUST_1125,4,4.025
CUST_1126,2,4.15
CUST_1127,1,4.8
CUST_1128,4,3.9499999999999997
CUST_1129,5,3.9799999999999995
CUST_1130,8,3.9749999999999996
CUST_1131,3,3.9333333333333336
CUST_1132,7,4.628571428571428
CUST_1133,2,3.7
CUST_1134,2,3.85
CUST_1135,2,3.75
CUST_1136,4,4.1
CUST_1137,5,3.94
CUST_1138,8,3.7875
CUST_1139,5,4.24
CUST_1141,3,3.6333333333333333
CUST_1142,3,3.7999999999999994
CUST_1143,2,4.199999999999999
CUST_1144,3,4.166666666666667
CUST_1145,6,3.783333333333333
CUST_1146,3,3.766666666666667
CUST_1147,1,4.5
CUST_1148,2,4.75
CUST_1149,6,3.75
CUST_1150,2,3.5999999999999996
CUST_1151,5,3.8600000000000003
CUST_1152,4,3.75
CUST_1153,4,3.825
CUST_1154,3,4.5
CUST_1155,3,3.8000000000000003
CUST_1156,1,4.6
CUST_1157,5,3.8
CUST_1158,6,3.8666666666666667
CUST_1159,7,4.171428571428572
CUST_1160,2,4.6
CUST_1161,4,4.075
CUST_1162,5,4.04
CUST_1163,2,3.4
CUST_1164,1,4.0
CUST_1166,3,3.8666666666666667
CUST_1167,4,4.075
CUST_1168,4,3.475
CUST_1169,4,4.425
CUST_1170,6,3.716666666666667
CUST_1171,4,3.825
CUST_1172,2,4.3
CUST_1173,7,4.3
CUST_1174,4,4.4
CUST_1175,4,3.525
CUST_1176,5,4.0600000000000005
CUST_1178,3,3.9
CUST_1179,3,3.966666666666667
CUST_1180,3,3.4
CUST_1181,4,3.7249999999999996
CUST_1182,2,4.8
CUST_1183,6,4.233333333333333
CUST_1185,4,3.5
CUST_1186,4,3.625
CUST_1187,4,4.1
CUST_1188,5,4.1
CUST_1189,2,4.1
CUST_1190,4,4.25
CUST_1191,2,4.2
CUST_1192,2,3.8499999999999996
CUST_1193,3,3.3666666666666667
CUST_1194,4,4.125
CUST_1195,3,3.9
CUST_1196,5,4.159999999999999
CUST_1197,5,3.6
CUST_1198,4,4.525
CUST_1199,4,3.775
CUST_1200,4,3.775
CUST_1201,3,3.6666666666666665
CUST_1202,7,4.128571428571428
CUST_1203,4,4.0
CUST_1204,2,4.4
CUST_1205,1,4.0
CUST_1206,6,3.766666666666667
CUST_1207,2,4.0
CUST_1208,6,4.25
CUST_1209,3,4.1000000000000005
CUST_1210,3,3.466666666666667
CUST_1211,2,3.9000000000000004
CUST_1212,4,3.525
CUST_1213,3,4.033333333333333
CUST_1214,2,4.1
CUST_1215,5,4.38
CUST_1216,4,4.5
CUST_1217,5,3.5799999999999996
CUST_1219,2,4.35
CUST_1220,3,4.5
CUST_1221,2,4.199999999999999
CUST_1222,4,3.625
CUST_1223,6,4.15
CUST_1224,1,3.5
CUST_1225,6,3.9499999999999997
CUST_1227,3,3.6
CUST_1228,5,3.88
CUST_1229,4,4.325
CUST_1230,2,3.65
CUST_1231,5,4.2
CUST_1232,7,3.6
CUST_1233,1,4.3
CUST_1234,1,4.0
CUST_1235,5,4.08
CUST_1236,1,4.4
CUST_1237,1,3.1
CUST_1238,3,3.9
CUST_1240,3,4.366666666666667
CUST_1241,5,4.220000000000001
CUST_1242,4,3.925
CUST_1243,3,4.533333333333333
CUST_1244,8,3.925
CUST_1245,3,3.6666666666666665
CUST_1246,3,4.333333333333333
CUST_1248,1,3.8
CUST_1249,2,4.0
CUST_1251,3,3.5666666666666664
CUST_1252,3,3.9666666666666663
CUST_1253,3,3.966666666666667
CUST_1254,3,3.766666666666667
CUST_1255,4,3.9
CUST_1256,6,3.766666666666667
CUST_1257,2,4.050000000000001
CUST_1258,4,4.15
CUST_1259,2,4.25
CUST_1260,5,3.7
CUST_1261,3,4.066666666666666
CUST_1262,5,4.0
CUST_1263,2,3.75
CUST_1264,5,3.9200000000000004
CUST_1265,5,4.159999999999999
CUST_1266,11,4.081818181818182
CUST_1267,2,4.35
CUST_1268,5,4.04
CUST_1269,4,3.95
CUST_1271,2,3.45
CUST_1272,5,3.9799999999999995
CUST_1273,6,4.283333333333333
CUST_1274,3,3.3666666666666667
CUST_1275,2,4.6
CUST_1276,5,4.2
CUST_1277,4,4.475
CUST_1278,3,3.5
CUST_1279,2,4.05
CUST_1280,5,3.8600000000000003
CUST_1281,5,3.94
CUST_1282,4,4.275
CUST_1283,1,4.6
CUST_1284,4,3.7
CUST_1285,4,4.3
CUST_1286,4,4.05
CUST_1287,4,3.5
CUST_1289,4,4.325
CUST_1290,3,3.733333333333333
CUST_1291,1,3.6
CUST_1292,1,3.9
CUST_1293,5,3.78
CUST_1294,2,4.3
CUST_1295,4,3.875
CUST_1296,5,4.2
CUST_1297,4,3.9
CUST_1298,3,3.8666666666666667
CUST_1299,2,3.35
CUST_1301,4,4.3500000000000005
CUST_1302,1,4.5
CUST_1303,2,3.5999999999999996
CUST_1304,2,3.8000000000000003
CUST_1305,5,3.56
CUST_1306,4,3.6
CUST_1307,5,4.16
CUST_1308,3,4.066666666666666
CUST_1309,3,4.266666666666667
CUST_1310,4,4.15
CUST_1311,2,4.3
CUST_1312,5,4.04
CUST_1313,1,3.8
CUST_1314,3,3.8666666666666667
CUST_1315,3,3.766666666666667
CUST_1316,2,4.05
CUST_1317,5,3.5599999999999996
CUST_1318,1,3.0
CUST_1319,4,4.675
CUST_1320,5,3.72
CUST_1321,3,3.766666666666667
CUST_1322,3,3.6333333333333333
CUST_1323,3,4.0
CUST_1324,6,3.75
CUST_1325,3,4.066666666666667
CUST_1326,6,4.016666666666667
CUST_1327,2,4.0
CUST_1328,4,3.5250000000000004
CUST_1329,1,3.2
CUST_1330,2,3.5
CUST_1331,2,3.7
CUST_1332,1,4.7
CUST_1333,2,4.25
CUST_1334,5,3.4200000000000004
CUST_1335,2,3.8499999999999996
CUST_1336,3,3.6666666666666665
CUST_1337,1,3.9
CUST_1338,3,4.1000000000000005
CUST_1339,7,3.914285714285714
CUST_1340,4,3.75
CUST_1341,4,3.85
CUST_1343,3,4.133333333333334
CUST_1344,3,3.5666666666666664
CUST_1345,2,4.1
CUST_1346,1,3.4
CUST_1347,3,3.8333333333333335
CUST_1348,7,4.071428571428571
CUST_1349,5,3.6
CUST_1351,5,3.4800000000000004
CUST_1352,2,4.1
CUST_1353,3,3.6
CUST_1354,4,4.425
CUST_1355,7,3.7571428571428567
CUST_1356,5,3.62
CUST_1357,3,3.9
CUST_1358,4,4.225
CUST_1359,6,4.216666666666667
CUST_1361,2,3.95
CUST_1362,3,4.433333333333334
CUST_1364,5,4.04
CUST_1366,5,4.42
CUST_1367,2,4.4
CUST_1368,3,3.3333333333333335
CUST_1369,7,4.214285714285714
CUST_1370,3,4.066666666666666
CUST_1371,2,4.05
CUST_1372,6,4.333333333333333
CUST_1374,3,4.0
CUST_1375,6,4.366666666666666
CUST_1376,5,3.88
CUST_1377,7,4.242857142857143
CUST_1378,3,4.266666666666667
CUST_1379,7,4.0
CUST_1380,2,3.35
CUST_1381,4,4.2
CUST_1382,1,4.3
CUST_1383,5,3.9200000000000004
CUST_1384,1,3.7
CUST_1385,5,3.78
CUST_1386,1,3.7
CUST_1387,5,4.3
CUST_1388,5,3.8200000000000003
CUST_1389,4,4.225
CUST_1390,4,3.675
CUST_1391,2,4.1
CUST_1392,4,3.9499999999999997
CUST_1393,5,3.7399999999999998
CUST_1394,4,4.2
CUST_1395,4,3.725
CUST_1396,5,3.72
CUST_1397,4,4.2
CUST_1399,2,3.45
CUST_1400,1,3.4
CUST_1401,4,4.45
CUST_1402,3,3.6333333333333333
CUST_1403,2,4.35
CUST_1404,5,3.72
CUST_1405,4,3.525
CUST_1406,4,4.025
CUST_1407,2,3.7
CUST_1408,8,4.1125
CUST_1409,2,4.2
CUST_1410,2,4.2
CUST_1412,2,4.199999999999999
CUST_1413,1,3.4
CUST_1414,8,3.7125
CUST_1415,3,4.1000000000000005
CUST_1416,6,4.133333333333334
CUST_1417,3,3.6666666666666665
CUST_1418,2,3.7
CUST_1419,2,4.25
CUST_1420,8,3.9625
CUST_1421,1,4.8
CUST_1422,2,3.75
CUST_1423,4,3.725
CUST_1424,3,3.5
CUST_1425,6,3.7999999999999994
CUST_1427,2,3.25
CUST_1428,2,4.3
CUST_1429,3,4.466666666666667
CUST_1430,5,4.0600000000000005
CUST_1431,7,4.014285714285714
CUST_1432,2,4.55
CUST_1433,3,4.1000000000000005
CUST_1434,3,4.066666666666666
CUST_1435,2,3.65
CUST_1436,4,4.025
CUST_1437,1,4.7
CUST_1438,4,3.75
CUST_1439,5,4.14
CUST_1440,6,4.2
CUST_1441,2,4.65
CUST_1443,4,4.1
CUST_1444,1,3.7
CUST_1445,4,4.425
CUST_1446,1,3.4
CUST_1447,7,4.228571428571429
CUST_1448,5,4.18
CUST_1449,3,3.8666666666666667
CUST_1450,3,3.533333333333333
CUST_1451,6,3.766666666666667
CUST_1452,2,4.75
CUST_1453,5,4.26
CUST_1454,1,3.1
CUST_1455,2,3.4
CUST_1456,3,3.9
CUST_1457,2,4.6
CUST_1458,6,4.266666666666667
CUST_1459,3,4.0
CUST_1460,2,4.0
CUST_1461,4,3.725
CUST_1462,4,3.625
CUST_1463,3,3.3666666666666667
CUST_1464,3,4.133333333333334
CUST_1466,3,3.966666666666667
CUST_1467,1,3.3
CUST_1468,3,4.333333333333333
CUST_1469,2,3.55
CUST_1470,2,3.8
CUST_1471,6,3.9
CUST_1472,6,4.133333333333334
CUST_1473,5,4.0600000000000005
CUST_1474,4,3.725
CUST_1475,5,3.8600000000000003
CUST_1476,1,3.6
CUST_1477,4,3.775
CUST_1478,6,4.05
CUST_1479,3,4.066666666666666
CUST_1480,6,4.133333333333334
CUST_1481,3,4.2
CUST_1482,4,3.55
CUST_1483,5,3.6399999999999997
CUST_1484,4,3.325
CUST_1485,2,3.75
CUST_1486,6,3.85
CUST_1487,2,3.45
CUST_1488,3,3.766666666666666
CUST_1489,3,4.3999999999999995
CUST_1490,4,4.0
CUST_1491,6,3.8666666666666667
CUST_1492,1,4.8
CUST_1493,1,4.2
CUST_1494,4,3.75
CUST_1495,1,3.5
CUST_1496,3,3.266666666666667
CUST_1497,3,4.366666666666666
CUST_1498,2,3.85
CUST_1499,4,4.125
CUST_1500,4,3.85
CUST_1501,4,4.0
CUST_1502,1,4.4
CUST_1503,2,3.6
CUST_1504,2,3.55
CUST_1505,2,3.9000000000000004
CUST_1506,3,4.0
CUST_1507,3,4.266666666666667
CUST_1508,2,4.4
CUST_1509,3,4.066666666666666
CUST_1510,7,4.542857142857143
CUST_1511,4,4.375
CUST_1512,3,4.5
CUST_1513,2,4.5
CUST_1514,5,4.0600000000000005
CUST_1515,6,3.75
CUST_1516,3,4.666666666666667
CUST_1517,5,4.0200000000000005
CUST_1518,3,3.466666666666667
CUST_1519,4,3.65
CUST_1520,3,3.6
CUST_1521,1,4.0
CUST_1522,4,4.075
CUST_1523,3,3.966666666666667
CUST_1524,2,3.7
CUST_1525,6,4.2
CUST_1526,3,3.8333333333333335
CUST_1527,2,3.15
CUST_1528,5,4.14
CUST_1529,4,3.925
CUST_1530,6,3.6
CUST_1531,2,4.05
CUST_1532,6,3.6500000000000004
CUST_1533,2,3.45
CUST_1534,4,3.625
CUST_1535,8,4.2875
CUST_1536,2,4.1
CUST_1537,2,4.45
CUST_1538,3,4.166666666666667
CUST_1539,2,4.35
CUST_1540,3,4.633333333333334
CUST_1541,3,3.3666666666666667
CUST_1542,3,4.033333333333333
CUST_1543,3,4.0
CUST_1544,3,4.3999999999999995
CUST_1545,2,4.2
CUST_1546,3,4.5
CUST_1547,3,4.633333333333334
CUST_1548,3,3.6666666666666665
CUST_1549,4,4.125
CUST_1550,4,4.1
CUST_1551,2,3.25
CUST_1553,8,3.8625
CUST_1554,3,3.9333333333333336
CUST_1555,3,4.5
CUST_1556,2,4.0
CUST_1557,2,4.45
CUST_1558,4,4.1
CUST_1560,4,4.575
CUST_1561,1,3.2
CUST_1562,2,4.15
CUST_1563,2,4.05
CUST_1564,1,3.3
CUST_1565,2,4.1
CUST_1566,2,4.45
CUST_1567,3,4.0
CUST_1568,2,3.65
CUST_1569,3,4.133333333333334
CUST_1570,4,3.925
CUST_1571,2,3.85
CUST_1572,2,3.65
CUST_1573,2,3.35
CUST_1574,1,4.8
CUST_1575,4,4.175
CUST_1576,3,4.433333333333334
CUST_1577,3,3.8666666666666667
CUST_1578,4,3.65
CUST_1579,2,4.35
CUST_1580,2,3.85
CUST_1581,1,4.2
CUST_1582,1,3.7
CUST_1583,4,3.625
CUST_1584,3,4.033333333333333
CUST_1585,3,4.533333333333333
CUST_1586,1,4.4
CUST_1587,4,3.65
CUST_1588,2,4.05
CUST_1589,3,4.233333333333333
CUST_1590,3,3.3333333333333335
CUST_1591,4,4.325
CUST_1592,2,4.4
CUST_1593,1,3.2
CUST_1594,1,4.5
CUST_1595,4,4.425
CUST_1596,4,3.85
CUST_1597,3,3.9
CUST_1598,5,3.9799999999999995
CUST_1599,4,3.75
CUST_1600,6,3.75
CUST_1601,5,4.0200000000000005
CUST_1602,3,4.066666666666666
CUST_1603,1,3.6
CUST_1604,1,3.4
CUST_1605,4,4.525
CUST_1606,9,4.122222222222223
CUST_1607,3,3.6
CUST_1608,2,4.1
CUST_1609,2,3.7
CUST_1610,4,4.45
CUST_1611,3,3.733333333333333
CUST_1612,7,3.8857142857142857
CUST_1613,8,3.6375
CUST_1614,1,3.8
CUST_1615,3,4.3
CUST_1616,6,4.066666666666666
CUST_1617,3,4.0
CUST_1618,6,4.033333333333333
CUST_1619,2,3.45
CUST_1620,3,3.7999999999999994
CUST_1621,4,3.975
CUST_1623,2,3.7
CUST_1624,1,4.8
CUST_1625,2,3.7
CUST_1626,2,4.1
CUST_1627,5,4.12
CUST_1628,2,3.7
CUST_1629,4,3.7
CUST_1630,3,3.9333333333333336
CUST_1631,1,3.5
CUST_1632,3,4.2
CUST_1633,2,4.5
CUST_1634,3,3.8333333333333335
CUST_1635,3,4.066666666666666
CUST_1636,1,4.6
CUST_1637,4,3.975
CUST_1638,4,3.575
CUST_1639,3,4.266666666666667
CUST_1640,5,3.6799999999999997
CUST_1641,2,3.4
CUST_1642,2,3.25
CUST_1643,2,3.5
CUST_1644,4,3.5250000000000004
CUST_1645,9,3.888888888888889
CUST_1646,4,4.325
CUST_1647,3,4.0
CUST_1648,3,3.6999999999999997
CUST_1649,1,4.3
CUST_1651,6,3.6
CUST_1652,4,4.225
CUST_1653,7,4.242857142857143
CUST_1654,4,3.9749999999999996
CUST_1655,2,3.6999999999999997
CUST_1656,3,3.9333333333333336
CUST_1657,3,3.766666666666667
CUST_1658,1,4.4
CUST_1659,6,3.6166666666666667
CUST_1660,4,3.8
CUST_1661,1,3.7
CUST_1662,6,4.25
CUST_1663,2,3.8
CUST_1664,3,4.433333333333334
CUST_1665,4,3.925
CUST_1666,3,4.3
CUST_1667,2,3.4
CUST_1668,3,4.033333333333333
CUST_1669,5,4.12
CUST_1670,3,4.0
CUST_1671,3,4.1
CUST_1672,8,4.075
CUST_1673,3,3.6999999999999997
CUST_1674,7,4.071428571428571
CUST_1675,2,4.25
CUST_1677,1,4.5
CUST_1678,1,3.5
CUST_1679,2,4.65
CUST_1680,3,4.2
CUST_1681,2,3.8
CUST_1682,5,3.8600000000000003
CUST_1683,4,4.05
CUST_1684,4,4.075
CUST_1685,6,4.133333333333334
CUST_1686,5,4.220000000000001
CUST_1687,7,4.171428571428572
CUST_1688,6,3.966666666666667
CUST_1689,3,4.133333333333333
CUST_1690,1,3.3
CUST_1691,5,4.24
CUST_1692,6,4.466666666666666
CUST_1693,4,3.7
CUST_1694,2,4.15
CUST_1695,2,4.699999999999999
CUST_1696,4,3.825
CUST_1697,7,3.757142857142857
CUST_1698,2,4.15
CUST_1699,7,4.0
CUST_1700,3,3.5666666666666664
CUST_1701,3,3.6333333333333333
CUST_1702,3,3.6666666666666665
CUST_1703,2,4.0
CUST_1704,3,4.633333333333334
CUST_1705,1,4.0
CUST_1706,3,3.6
CUST_1707,1,3.9
CUST_1708,2,3.8
CUST_1709,3,4.266666666666667
CUST_1710,3,4.0
CUST_1711,4,4.225
CUST_1712,3,4.366666666666666
CUST_1713,1,3.5
CUST_1714,4,3.95
CUST_1715,4,3.7249999999999996
CUST_1716,4,4.5
CUST_1717,5,4.0600000000000005
CUST_1718,8,3.85
CUST_1719,6,3.8833333333333333
CUST_1721,8,3.6
CUST_1722,5,3.44
CUST_1723,4,4.45
CUST_1724,4,4.075
CUST_1725,4,4.325
CUST_1726,1,4.1
CUST_1727,2,4.25
CUST_1728,3,4.0
CUST_1729,3,4.7
CUST_1730,3,4.266666666666667
CUST_1731,3,3.966666666666667
CUST_1732,9,4.022222222222222
CUST_1733,2,4.15
CUST_1734,3,4.133333333333334
CUST_1735,3,4.1000000000000005
CUST_1736,2,3.45
CUST_1737,4,3.625
CUST_1738,2,3.8
CUST_1739,3,3.966666666666667
CUST_1740,4,4.5
CUST_1741,5,3.78
CUST_1742,5,4.04
CUST_1743,4,3.975
CUST_1744,4,3.775
CUST_1745,8,3.9625
CUST_1746,6,4.216666666666667
CUST_1747,5,4.12
CUST_1748,5,4.08
CUST_1749,5,4.26
CUST_1750,7,4.085714285714286
CUST_1751,1,3.1
CUST_1752,3,4.0
CUST_1753,5,4.14
CUST_1754,1,3.7
CUST_1755,4,4.025
CUST_1756,4,3.425
CUST_1757,4,4.075
CUST_1759,3,3.3000000000000003
CUST_1760,5,3.8200000000000003
CUST_1761,3,3.9
CUST_1762,4,4.075
CUST_1763,1,3.4
CUST_1764,4,3.9
CUST_1765,1,3.8
CUST_1766,2,4.1
CUST_1767,2,4.699999999999999
CUST_1768,5,4.1
CUST_1769,6,3.716666666666667
CUST_1770,3,3.733333333333333
CUST_1771,4,3.575
CUST_1772,4,3.75
CUST_1773,3,4.233333333333333
CUST_1774,2,4.05
CUST_1775,2,4.35
CUST_1776,1,3.0
CUST_1777,2,4.25
CUST_1778,3,3.9
CUST_1779,3,4.333333333333333
CUST_1781,3,3.9
CUST_1782,10,4.04
CUST_1783,5,3.88
CUST_1784,2,4.2
CUST_1785,5,4.06
CUST_1786,4,4.1499999999999995
CUST_1787,5,3.62
CUST_1788,2,4.05
CUST_1789,1,4.9
CUST_1790,2,4.3
CUST_1791,2,4.7
CUST_1792,1,4.2
CUST_1793,3,4.3
CUST_1794,4,4.025
CUST_1795,3,3.733333333333333
CUST_1796,2,4.15
CUST_1797,5,4.26
CUST_1798,3,3.6666666666666665
CUST_1799,4,4.15
CUST_1800,4,4.375
CUST_1801,4,4.0
CUST_1802,5,4.38
CUST_1803,2,3.9000000000000004
CUST_1804,3,3.5
CUST_1805,5,4.32
CUST_1806,3,3.5666666666666664
CUST_1807,6,4.3500000000000005
CUST_1808,4,4.25
CUST_1810,3,3.6
CUST_1811,3,3.733333333333333
CUST_1812,1,4.5
CUST_1813,6,4.066666666666666
CUST_1814,2,3.9000000000000004
CUST_1815,4,3.625
CUST_1816,3,4.133333333333333
CUST_1817,6,4.483333333333333
CUST_1818,3,3.5666666666666664
CUST_1819,7,4.057142857142857
CUST_1820,5,4.220000000000001
CUST_1821,3,4.733333333333333
CUST_1822,1,4.0
CUST_1823,2,3.75
CUST_1824,4,3.825
CUST_1825,1,4.2
CUST_1826,3,3.8333333333333335
CUST_1827,2,3.9
CUST_1828,8,4.3
CUST_1829,2,3.8
CUST_1830,3,4.0
CUST_1831,4,4.2
CUST_1832,2,4.0
CUST_1833,2,4.0
CUST_1834,7,4.057142857142857
CUST_1835,2,5.0
CUST_1836,1,4.2
CUST_1837,3,3.766666666666667
CUST_1838,2,4.449999999999999
CUST_1839,2,3.7
CUST_1840,2,4.05
CUST_1841,5,3.94
CUST_1842,4,4.25
CUST_1843,3,4.233333333333333
CUST_1844,4,4.625
CUST_1845,6,4.0
CUST_1846,1,4.4
CUST_1847,1,4.1
CUST_1848,5,3.8
CUST_1849,6,3.9333333333333336
CUST_1850,2,3.95
CUST_1851,1,3.7
CUST_1852,6,4.216666666666667
CUST_1853,8,3.9625
CUST_1854,4,4.225
CUST_1855,3,3.9
CUST_1856,2,3.7
CUST_1857,4,3.9
CUST_1858,4,3.4250000000000003
CUST_1859,5,4.5200000000000005
CUST_1860,5,3.6799999999999997
CUST_1861,2,4.4
CUST_1862,4,4.3
CUST_1863,1,4.8
CUST_1864,3,3.1333333333333333
CUST_1865,3,4.3
CUST_1866,6,3.733333333333333
CUST_1867,1,4.2
CUST_1868,2,3.95
CUST_1869,7,3.742857142857143
CUST_1870,4,3.275
CUST_1871,3,4.166666666666667
CUST_1872,3,3.9333333333333336
CUST_1873,1,3.1
CUST_1874,2,3.25
CUST_1875,4,4.2
CUST_1876,3,4.3
CUST_1877,6,3.733333333333333
CUST_1878,5,3.3200000000000003
CUST_1879,4,4.15
CUST_1880,2,4.5
CUST_1881,8,4.325
CUST_1882,1,3.5
CUST_1884,5,3.88
CUST_1885,3,3.6333333333333333
CUST_1886,4,3.8499999999999996
CUST_1887,4,4.3
CUST_1888,3,4.066666666666666
CUST_1889,4,4.25
CUST_1890,5,3.9
CUST_1891,4,4.175
CUST_1892,2,4.45
CUST_1893,6,3.983333333333333
CUST_1894,5,3.94
CUST_1895,4,4.4
CUST_1896,3,3.8333333333333335
CUST_1897,5,4.4
CUST_1898,1,4.8
CUST_1899,4,4.5
CUST_1900,2,3.8499999999999996
CUST_1901,2,3.9
CUST_1902,2,4.25
CUST_1903,3,3.5
CUST_1904,1,3.6
CUST_1905,1,3.8
CUST_1906,3,4.333333333333333
CUST_1907,5,4.04
CUST_1908,3,4.066666666666666
CUST_1909,3,4.133333333333334
CUST_1910,2,4.5
CUST_1911,4,4.15
CUST_1912,2,4.4
CUST_1913,1,4.7
CUST_1914,4,3.925
CUST_1915,4,4.1
CUST_1916,5,4.08
CUST_1917,4,3.3
CUST_1918,7,4.085714285714286
CUST_1919,4,4.05
CUST_1920,4,4.075
CUST_1921,1,4.6
CUST_1922,3,4.066666666666667
CUST_1923,1,3.4
CUST_1924,4,3.975
CUST_1925,2,4.25
CUST_1927,4,4.1
CUST_1928,5,4.0
CUST_1929,2,4.3
CUST_1930,2,4.25
CUST_1931,6,3.5666666666666664
CUST_1932,2,4.3
CUST_1933,1,3.9
CUST_1934,3,4.266666666666667
CUST_1935,1,3.0
CUST_1936,4,3.9
CUST_1937,4,3.75
CUST_1938,1,4.5
CUST_1939,4,4.25
CUST_1940,1,4.1
CUST_1941,4,3.9499999999999997
CUST_1942,5,4.279999999999999
CUST_1943,4,4.3
CUST_1944,3,4.366666666666666
CUST_1945,2,3.45
CUST_1946,2,4.2
CUST_1947,3,4.433333333333334
CUST_1948,2,4.35
CUST_1949,4,4.275
CUST_1950,1,4.3
CUST_1951,1,3.6
CUST_1952,1,4.7
CUST_1953,4,4.325
CUST_1955,1,4.4
CUST_1956,2,3.45
CUST_1957,5,4.46
CUST_1958,5,4.08
CUST_1959,6,3.9
CUST_1960,5,4.14
CUST_1961,2,4.75
CUST_1962,4,4.225
CUST_1963,4,4.275
CUST_1964,3,4.033333333333333
CUST_1965,4,4.175
CUST_1966,4,4.075
CUST_1967,2,4.0
CUST_1969,3,3.8333333333333335
CUST_1970,2,3.5
CUST_1971,5,3.7600000000000002
CUST_1972,4,4.15
CUST_1973,4,3.95
CUST_1974,2,4.05
CUST_1975,2,3.8
CUST_1976,3,4.3
CUST_1977,6,3.533333333333333
CUST_1978,1,3.2
CUST_1979,5,4.12
CUST_1980,1,4.3
CUST_1981,9,3.8777777777777778
CUST_1982,4,4.275
CUST_1983,4,4.075
CUST_1984,4,3.825
CUST_1985,2,3.6999999999999997
CUST_1986,2,3.3
CUST_1987,3,4.533333333333333
CUST_1988,2,4.05
CUST_1989,1,3.1
CUST_1990,4,4.075
CUST_1991,1,3.1
CUST_1992,4,3.35
CUST_1993,3,3.4
CUST_1994,4,4.225
CUST_1995,2,4.2
CUST_1996,6,4.0
CUST_1997,5,4.68
CUST_1998,4,3.85
CUST_1999,4,4.025
CUST_2000,3,3.9333333333333336
CUST_2001,3,3.6
CUST_2002,6,4.083333333333333
CUST_2003,4,3.975
CUST_2004,1,3.3
CUST_2005,2,4.449999999999999
CUST_2006,6,4.233333333333333
CUST_2007,5,3.56
CUST_2008,1,3.7
CUST_2009,2,3.35
CUST_2010,1,4.4
CUST_2011,3,4.266666666666667
CUST_2012,1,4.1
CUST_2013,4,4.025
CUST_2014,2,4.1
CUST_2015,2,3.65
CUST_2016,1,3.9
CUST_2017,3,4.066666666666666
CUST_2018,2,3.75
CUST_2020,3,3.733333333333333
CUST_2021,2,4.0
CUST_2022,4,4.225
CUST_2023,2,4.5
CUST_2024,1,4.9
CUST_2025,3,3.766666666666667
CUST_2026,1,4.2
CUST_2028,5,4.0600000000000005
CUST_2029,3,3.3666666666666667
CUST_2030,3,4.166666666666667
CUST_2031,5,3.96
CUST_2032,3,3.966666666666667
CUST_2033,2,3.35
CUST_2034,2,4.2
CUST_2035,5,3.88
CUST_2036,5,4.08
CUST_2037,6,4.233333333333333
CUST_2038,4,3.725
CUST_2039,3,4.133333333333334
CUST_2040,8,4.0625
CUST_2041,4,3.95
CUST_2042,4,4.199999999999999
CUST_2043,3,3.633333333333333
CUST_2044,3,4.233333333333333
CUST_2045,3,4.166666666666667
CUST_2046,4,4.45
CUST_2047,4,4.025
CUST_2048,2,4.2
CUST_2049,5,4.4
CUST_2050,2,4.4
CUST_2051,1,3.4
CUST_2052,6,3.966666666666667
CUST_2054,3,3.7999999999999994
CUST_2055,4,4.525
CUST_2056,3,4.333333333333333
CUST_2057,1,3.8
CUST_2058,2,3.6
CUST_2059,6,4.1000000000000005
CUST_2060,3,3.733333333333333
CUST_2061,4,4.575
CUST_2062,2,4.449999999999999
CUST_2063,4,3.6
CUST_2064,4,3.6
CUST_2065,5,4.38
CUST_2066,1,4.2
CUST_2067,4,4.3
CUST_2069,5,4.26
CUST_2070,7,3.8285714285714287
CUST_2071,3,3.8666666666666667
CUST_2072,3,4.033333333333333
CUST_2073,2,3.8
CUST_2074,4,4.35
CUST_2075,3,3.6666666666666665
CUST_2076,4,4.1
CUST_2077,5,3.8600000000000003
CUST_2078,3,3.5
CUST_2079,3,4.233333333333333
CUST_2080,5,4.32
CUST_2081,6,3.9
CUST_2082,3,3.8000000000000003
CUST_2083,4,4.199999999999999
CUST_2084,4,4.525
CUST_2085,3,4.033333333333334
CUST_2086,7,4.214285714285714
CUST_2087,2,3.1
CUST_2088,2,4.25
CUST_2089,3,4.066666666666667
CUST_2090,4,4.050000000000001
CUST_2091,1,4.2
CUST_2092,4,4.2
CUST_2093,5,3.56
CUST_2094,6,3.766666666666666
CUST_2095,1,3.9
CUST_2096,5,3.56
CUST_2097,6,4.066666666666666
CUST_2098,3,3.5
CUST_2099,3,3.8666666666666667
CUST_2100,7,4.085714285714286
CUST_2101,3,4.266666666666667
CUST_2102,7,4.042857142857143
CUST_2103,6,3.9166666666666665
CUST_2104,3,4.233333333333333
CUST_2106,8,4.0625
CUST_2107,2,4.1
CUST_2108,3,4.233333333333333
CUST_2109,2,3.6999999999999997
CUST_2110,3,4.066666666666666
CUST_2111,5,3.8
CUST_2112,1,3.7
CUST_2113,7,4.1
CUST_2114,2,4.05
CUST_2115,1,4.8
CUST_2116,4,3.65
CUST_2117,4,4.35
CUST_2118,1,4.4
CUST_2119,3,4.033333333333333
CUST_2120,6,4.216666666666667
CUST_2121,2,4.6
CUST_2122,2,3.8
CUST_2123,1,4.0
CUST_2124,6,4.3999999999999995
CUST_2125,3,3.6999999999999997
CUST_2126,3,3.966666666666667
CUST_2127,4,4.25
CUST_2128,2,4.4
CUST_2129,2,4.1
CUST_2130,2,4.25
CUST_2132,4,3.95
CUST_2133,4,3.95
CUST_2134,6,4.016666666666667
CUST_2136,3,4.1000000000000005
CUST_2137,8,3.6875
CUST_2138,2,4.1
CUST_2139,2,3.95
CUST_2140,6,4.2
CUST_2141,1,4.5
CUST_2142,5,3.88
CUST_2143,2,4.85
CUST_2144,3,3.8666666666666667
CUST_2145,1,4.5
CUST_2146,4,4.0
CUST_2147,1,3.8
CUST_2148,3,3.6333333333333333
CUST_2149,1,3.6
CUST_2151,1,3.5
CUST_2152,1,4.4
CUST_2153,5,3.5199999999999996
CUST_2154,1,3.7
CUST_2155,3,3.7000000000000006
CUST_2156,5,4.220000000000001
CUST_2157,1,3.9
CUST_2158,4,4.05
CUST_2159,1,4.4
CUST_2160,4,3.95
CUST_2161,5,3.96
CUST_2162,3,3.8000000000000003
CUST_2163,6,4.05
CUST_2165,3,3.733333333333333
CUST_2166,3,3.8333333333333335
CUST_2167,3,4.066666666666666
CUST_2168,7,3.742857142857143
CUST_2169,5,4.14
CUST_2170,3,4.1000000000000005
CUST_2172,1,5.0
CUST_2173,3,4.3999999999999995
CUST_2174,3,3.766666666666667
CUST_2175,4,4.525
CUST_2176,3,3.766666666666667
CUST_2178,3,3.866666666666667
CUST_2179,4,3.775
CUST_2180,4,4.325
CUST_2181,3,3.966666666666667
CUST_2182,2,3.1500000000000004
CUST_2183,1,4.5
CUST_2185,3,3.9333333333333336
CUST_2186,1,3.5
CUST_2187,2,4.15
CUST_2188,3,4.3
CUST_2189,4,4.325
CUST_2190,4,4.0
CUST_2191,4,3.8
CUST_2192,4,4.225
CUST_2193,3,4.233333333333333
CUST_2194,7,4.542857142857143
CUST_2195,6,4.316666666666666
CUST_2196,5,3.6800000000000006
CUST_2197,1,4.3
CUST_2198,4,4.0
CUST_2199,4,4.25
CUST_2200,4,3.9
CUST_2202,3,4.2
CUST_2203,2,4.65
CUST_2204,5,4.220000000000001
CUST_2205,1,4.9
CUST_2206,2,3.55
CUST_2207,6,4.1000000000000005
CUST_2208,5,4.0200000000000005
CUST_2209,1,3.6
CUST_2210,5,3.8
CUST_2211,3,4.533333333333333
CUST_2212,4,4.25
CUST_2213,5,3.66
CUST_2215,6,4.033333333333333
CUST_2217,2,3.55
CUST_2218,5,4.220000000000001
CUST_2219,6,4.0
CUST_2220,3,4.3
CUST_2221,1,3.2
CUST_2222,3,3.733333333333333
CUST_2223,3,4.533333333333334
CUST_2225,3,3.733333333333333
CUST_2226,5,4.14
CUST_2227,1,4.6
CUST_2228,5,4.0600000000000005
CUST_2229,9,4.044444444444444
CUST_2230,4,4.1
CUST_2231,3,4.0
CUST_2232,2,3.3
CUST_2233,4,3.95
CUST_2234,5,3.94
CUST_2235,5,4.34
CUST_2236,2,3.4
CUST_2237,6,4.183333333333334
CUST_2238,1,4.7
CUST_2240,1,4.3
CUST_2241,1,3.7
CUST_2242,1,5.0
CUST_2243,1,3.9
CUST_2244,3,4.2
CUST_2245,6,4.1499999999999995
CUST_2246,3,3.966666666666667
CUST_2247,2,3.25
CUST_2248,2,4.25
CUST_2249,5,3.18
CUST_2250,4,4.0
CUST_2251,6,4.05
CUST_2252,2,3.4
CUST_2253,6,4.133333333333334
CUST_2254,3,4.333333333333333
CUST_2255,2,3.45
CUST_2256,3,3.8333333333333335
CUST_2257,2,4.35
CUST_2258,7,3.7285714285714286
CUST_2259,4,3.975
CUST_2260,4,3.8499999999999996
CUST_2261,3,4.3999999999999995
CUST_2262,6,4.316666666666666
CUST_2263,1,4.2
CUST_2264,5,3.94
CUST_2265,1,4.5
CUST_2266,2,3.6
CUST_2267,4,4.0
CUST_2268,4,4.275
CUST_2269,5,4.26
CUST_2270,4,4.025
CUST_2271,2,3.6999999999999997
CUST_2272,2,3.35
CUST_2273,4,3.825
CUST_2274,6,4.283333333333333
CUST_2275,3,4.2
CUST_2276,4,4.1
CUST_2277,2,3.5
CUST_2278,1,3.1
CUST_2279,4,3.5
CUST_2280,4,4.3
CUST_2281,5,3.88
CUST_2282,1,3.8
CUST_2283,2,4.25
CUST_2284,3,3.9333333333333336
CUST_2285,5,4.220000000000001
CUST_2286,3,3.8000000000000003
CUST_2287,5,4.04
CUST_2288,5,4.38
CUST_2289,4,4.15
CUST_2290,5,3.8200000000000003
CUST_2291,4,4.0
CUST_2292,5,3.28
CUST_2293,5,4.220000000000001
CUST_2294,4,4.375
CUST_2295,6,3.733333333333333
CUST_2296,4,4.0
CUST_2297,2,4.2
CUST_2298,4,3.95
CUST_2299,1,3.5
CUST_2300,4,3.775
CUST_2301,5,4.04
CUST_2302,3,3.9333333333333336
CUST_2303,2,3.8
CUST_2304,3,3.8000000000000003
CUST_2305,5,3.7
CUST_2306,2,4.65
CUST_2307,4,3.775
CUST_2308,1,3.4
CUST_2309,5,4.0
CUST_2310,5,4.4
CUST_2311,6,4.333333333333333
CUST_2312,4,4.05
CUST_2313,4,4.05
CUST_2314,5,3.9200000000000004
CUST_2315,5,4.16
CUST_2316,3,3.8333333333333335
CUST_2317,2,3.75
CUST_2318,2,3.25
CUST_2319,4,4.175
CUST_2320,4,3.5
CUST_2322,2,3.35
CUST_2323,3,3.9333333333333336
CUST_2324,3,4.3999999999999995
CUST_2325,1,3.5
CUST_2326,2,3.6
CUST_2328,2,3.95
CUST_2329,6,3.6166666666666667
CUST_2330,5,3.6399999999999997
CUST_2331,2,3.25
CUST_2332,2,4.65
CUST_2333,2,3.7
CUST_2334,3,4.066666666666666
CUST_2335,3,4.1
CUST_2336,3,4.2
CUST_2337,1,4.3
CUST_2338,1,3.5
CUST_2339,2,4.15
CUST_2340,3,4.166666666666667
CUST_2341,2,4.05
CUST_2342,5,3.9
CUST_2343,5,4.0
CUST_2344,4,3.75
CUST_2345,1,3.2
CUST_2346,6,4.3
CUST_2347,4,3.975
CUST_2348,3,4.633333333333334
CUST_2349,5,4.08
CUST_2350,5,4.12
CUST_2351,2,4.5
CUST_2352,3,3.8333333333333335
CUST_2353,7,4.171428571428572
CUST_2354,6,3.6833333333333336
CUST_2356,3,4.233333333333333
CUST_2357,2,4.1
CUST_2358,2,3.75
CUST_2359,7,4.114285714285715
CUST_2360,1,3.7
CUST_2361,6,3.766666666666667
CUST_2362,2,4.45
CUST_2363,3,4.233333333333333
CUST_2364,7,3.914285714285714
CUST_2365,2,3.9000000000000004
CUST_2366,3,3.1999999999999997
CUST_2367,2,4.3
CUST_2368,1,4.4
CUST_2369,8,3.8125
CUST_2370,3,4.033333333333333
CUST_2371,5,3.88
CUST_2372,2,4.2
CUST_2373,4,3.475
CUST_2374,4,4.3
CUST_2375,4,4.125
CUST_2376,6,3.9499999999999997
CUST_2377,4,3.85
CUST_2378,1,4.9
CUST_2380,2,3.9
CUST_2381,3,4.6000000000000005
CUST_2382,4,4.2
CUST_2383,3,3.8333333333333335
CUST_2384,2,4.4
CUST_2385,4,4.525
CUST_2386,6,3.75
CUST_2387,3,4.666666666666667
CUST_2388,5,4.12
CUST_2389,6,4.066666666666666
CUST_2390,3,3.5666666666666664
CUST_2391,4,3.875
CUST_2392,8,3.7750000000000004
CUST_2393,5,4.32
CUST_2394,2,3.85
CUST_2395,5,3.9
CUST_2396,3,3.6333333333333333
CUST_2397,2,4.15
CUST_2398,4,4.15
CUST_2399,1,4.5
CUST_2400,1,3.2
CUST_2401,2,3.5999999999999996
CUST_2402,4,4.35
CUST_2403,1,4.4
CUST_2404,7,4.085714285714286
CUST_2405,3,3.9333333333333336
CUST_2406,4,3.875
CUST_2407,1,3.1
CUST_2408,3,3.6999999999999997
CUST_2409,4,4.45
CUST_2410,5,4.0600000000000005
CUST_2411,3,3.733333333333333
CUST_2412,4,4.575
CUST_2414,2,3.95
CUST_2415,7,4.085714285714286
CUST_2416,4,4.3
CUST_2417,5,4.0600000000000005
CUST_2419,3,3.766666666666667
CUST_2420,1,4.9
CUST_2421,3,3.9
CUST_2422,5,3.8600000000000003
CUST_2423,3,3.966666666666667
CUST_2424,2,4.699999999999999
CUST_2425,6,3.983333333333333
CUST_2426,3,3.766666666666667
CUST_2427,5,4.58
CUST_2428,3,4.5
CUST_2429,3,4.833333333333333
CUST_2430,2,4.5
CUST_2431,2,4.35
CUST_2433,3,4.0
CUST_2434,1,3.5
CUST_2435,7,4.0
CUST_2436,3,3.9
CUST_2437,4,4.575
CUST_2438,4,4.325
CUST_2440,3,4.2
CUST_2441,1,4.8
CUST_2442,6,4.183333333333334
CUST_2443,4,4.05
CUST_2444,3,4.033333333333333
CUST_2445,5,4.0600000000000005
CUST_2446,3,4.233333333333333
CUST_2447,1,4.4
CUST_2448,8,3.9625
CUST_2449,4,4.175
CUST_2450,2,4.55
CUST_2451,4,3.925
CUST_2452,2,4.6
CUST_2453,6,4.116666666666666
CUST_2454,1,3.7
CUST_2455,1,3.1
CUST_2456,2,4.2
CUST_2457,4,3.9749999999999996
CUST_2458,3,4.466666666666667
CUST_2459,2,4.1
CUST_2460,2,4.6
CUST_2461,5,3.78
CUST_2462,5,3.8
CUST_2463,4,4.1
CUST_2464,3,4.3999999999999995
CUST_2465,8,4.025
CUST_2466,1,3.1
CUST_2467,4,4.025
CUST_2468,8,4.15
CUST_2469,2,3.95
CUST_2470,2,4.050000000000001
CUST_2471,2,3.5
CUST_2472,1,4.7
CUST_2473,1,3.2
CUST_2474,6,3.85
CUST_2475,5,3.8200000000000003
CUST_2476,5,3.88
CUST_2477,6,3.9333333333333336
CUST_2478,7,3.9857142857142853
CUST_2479,7,3.9714285714285715
CUST_2480,4,4.375
CUST_2481,8,4.0625
CUST_2482,2,4.05
CUST_2483,6,4.233333333333333
CUST_2485,4,3.875
CUST_2486,4,4.625
CUST_2487,2,4.05
CUST_2488,3,4.1000000000000005
CUST_2489,5,4.279999999999999
CUST_2490,3,4.6
CUST_2491,2,4.15
CUST_2492,3,3.533333333333333
CUST_2493,4,4.675
CUST_2494,6,3.6166666666666667
CUST_2495,1,4.6
CUST_2496,4,3.7
CUST_2497,5,3.8
CUST_2498,1,4.4
CUST_2499,2,4.4
CUST_2500,2,3.8
CUST_2501,4,3.825
CUST_2502,4,4.1
CUST_2503,2,4.4
CUST_2504,1,4.1
CUST_2505,4,4.225
CUST_2506,6,4.183333333333333
CUST_2507,5,4.0200000000000005
CUST_2508,3,3.9333333333333336
CUST_2509,3,3.966666666666667
CUST_2511,6,4.066666666666666
CUST_2512,5,3.8600000000000003
CUST_2513,2,3.75
CUST_2514,4,3.925
CUST_2515,4,4.3
CUST_2516,1,3.4
CUST_2517,2,4.05
CUST_2518,2,3.95
CUST_2519,3,4.366666666666667
CUST_2520,5,4.12
CUST_2521,4,4.075
CUST_2522,7,4.085714285714286
CUST_2523,4,4.075
CUST_2524,6,3.966666666666667
CUST_2525,3,4.166666666666667
CUST_2526,5,4.12
CUST_2527,9,4.0
CUST_2528,5,4.36
CUST_2529,3,4.233333333333333
CUST_2530,4,3.6
CUST_2531,6,4.183333333333334
CUST_2532,4,4.125
CUST_2533,5,3.8600000000000003
CUST_2534,2,3.55
CUST_2535,3,4.733333333333333
CUST_2536,5,3.8200000000000003
CUST_2537,3,4.3
CUST_2538,3,4.0
CUST_2539,2,4.5
CUST_2540,3,3.766666666666667
CUST_2541,4,3.975
CUST_2542,3,3.4
CUST_2543,4,4.125
CUST_2544,5,3.7
CUST_2545,3,4.366666666666666
CUST_2546,3,4.066666666666666
CUST_2547,1,4.9
CUST_2548,4,4.075
CUST_2549,5,4.16
CUST_2550,2,4.25
CUST_2551,4,3.8000000000000003
CUST_2552,4,3.9
CUST_2553,2,3.55
CUST_2555,3,3.533333333333333
CUST_2556,2,4.2
CUST_2557,2,4.35
CUST_2558,1,4.9
CUST_2559,3,3.8666666666666667
CUST_2560,6,3.8000000000000003
CUST_2561,2,4.65
CUST_2562,4,4.3
CUST_2563,3,3.6333333333333333
CUST_2564,4,3.65
CUST_2565,6,4.05
CUST_2566,3,3.4
CUST_2567,6,4.1499999999999995
CUST_2569,2,4.0
CUST_2570,5,4.279999999999999
CUST_2571,3,3.533333333333333
CUST_2572,7,4.357142857142857
CUST_2573,4,4.05
CUST_2574,6,4.316666666666666
CUST_2575,3,4.366666666666666
CUST_2576,2,3.5
CUST_2577,4,3.825
CUST_2578,4,3.875
CUST_2579,2,4.0
CUST_2581,5,4.16
CUST_2582,4,3.725
CUST_2583,1,4.9
CUST_2584,4,4.35
CUST_2585,2,4.45
CUST_2586,3,3.8000000000000003
CUST_2587,5,4.42
CUST_2588,4,4.025
CUST_2589,1,3.4
CUST_2590,6,4.133333333333334
CUST_2591,4,4.025
CUST_2592,2,4.15
CUST_2593,2,3.45
CUST_2594,5,4.0200000000000005
CUST_2595,7,4.228571428571429
CUST_2596,4,4.05
CUST_2597,2,3.45
CUST_2598,1,4.8
CUST_2599,4,3.6
CUST_2600,8,3.4625
CUST_2601,3,3.6666666666666665
CUST_2602,2,4.25
CUST_2603,1,3.4
CUST_2604,3,3.966666666666667
CUST_2605,3,3.8666666666666667
CUST_2606,1,3.8
CUST_2607,2,3.85
CUST_2608,2,4.1
CUST_2609,4,4.75
CUST_2610,6,4.483333333333333
CUST_2611,2,4.199999999999999
CUST_2612,4,3.825
CUST_2613,2,3.4000000000000004
CUST_2614,3,4.5
CUST_2615,5,4.12
CUST_2616,5,3.8600000000000003
CUST_2617,2,4.15
CUST_2618,3,4.3999999999999995
CUST_2619,2,4.15
CUST_2620,4,4.575
CUST_2621,3,3.9333333333333336
CUST_2622,4,4.225
CUST_2623,3,4.233333333333333
CUST_2624,3,4.633333333333333
CUST_2625,4,3.9
CUST_2626,1,4.4
CUST_2627,2,4.45
CUST_2628,1,3.4
CUST_2629,4,4.199999999999999
CUST_2631,5,3.96
CUST_2633,13,3.946153846153846
CUST_2634,4,3.925
CUST_2635,3,3.1666666666666665
CUST_2636,8,3.925
CUST_2637,6,3.6666666666666665
CUST_2638,4,3.475
CUST_2639,7,4.457142857142857
CUST_2640,7,3.6
CUST_2641,5,4.0
CUST_2642,6,3.85
CUST_2643,2,4.15
CUST_2644,7,3.8000000000000003
CUST_2645,5,3.8400000000000007
CUST_2646,5,3.94
CUST_2647,5,3.9200000000000004
CUST_2649,2,3.5999999999999996
CUST_2650,3,4.333333333333333
CUST_2651,3,3.4
CUST_2652,1,4.7
CUST_2653,5,4.14
CUST_2654,6,3.983333333333333
CUST_2655,4,4.575
CUST_2656,3,3.4333333333333336
CUST_2657,2,4.65
CUST_2658,1,4.1
CUST_2659,10,4.1
CUST_2660,1,4.5
CUST_2661,6,3.966666666666667
CUST_2662,2,3.55
CUST_2663,8,3.8375
CUST_2664,3,4.3
CUST_2665,5,3.6199999999999997
CUST_2666,3,3.4333333333333336
CUST_2667,5,4.36
CUST_2668,4,3.65
CUST_2669,3,3.5666666666666664
CUST_2670,2,4.1
CUST_2671,2,4.35
CUST_2672,3,4.333333333333333
CUST_2674,5,4.32
CUST_2675,5,3.8200000000000003
CUST_2676,5,4.08
CUST_2677,3,3.466666666666667
CUST_2678,4,3.9499999999999997
CUST_2679,4,4.325
CUST_2680,5,3.62
CUST_2681,5,4.26
CUST_2682,4,3.9
CUST_2683,1,4.1
CUST_2684,6,4.0
CUST_2685,3,4.166666666666667
CUST_2686,5,3.9200000000000004
CUST_2687,4,4.025
CUST_2688,4,3.95
CUST_2689,6,3.8000000000000003
CUST_2690,3,3.733333333333333
CUST_2691,5,3.66
CUST_2692,5,3.84
CUST_2693,1,4.1
CUST_2694,1,4.6
CUST_2695,2,3.7
CUST_2696,5,3.7
CUST_2697,7,4.185714285714286
CUST_2698,5,3.84
CUST_2699,2,4.7
CUST_2700,4,3.625
CUST_2701,4,4.125
CUST_2702,6,4.3999999999999995
CUST_2703,3,3.566666666666667
CUST_2704,1,4.4
CUST_2705,3,4.266666666666667
CUST_2706,1,3.3
CUST_2707,1,4.9
CUST_2708,1,3.9
CUST_2709,4,3.8
CUST_2710,5,4.1
CUST_2711,2,4.3
CUST_2712,4,3.7750000000000004
CUST_2713,5,3.44
CUST_2714,3,3.4666666666666663
CUST_2715,1,4.9
CUST_2716,1,3.6
CUST_2717,4,3.6
CUST_2718,4,3.675
CUST_2719,2,3.55
CUST_2720,2,4.05
CUST_2721,2,3.6
CUST_2722,1,4.2
CUST_2723,4,4.05
CUST_2724,4,4.6
CUST_2725,1,4.2
CUST_2726,1,3.8
CUST_2727,2,3.8000000000000003
CUST_2728,2,3.65
CUST_2729,1,4.7
CUST_2730,2,4.35
CUST_2731,4,3.6
CUST_2732,2,3.8499999999999996
CUST_2733,2,4.1
CUST_2734,7,3.9714285714285715
CUST_2735,2,4.15
CUST_2736,4,4.5
CUST_2737,3,4.3
CUST_2738,3,3.3666666666666667
CUST_2739,2,4.45
CUST_2740,5,3.96
CUST_2741,5,4.14
CUST_2742,6,4.416666666666667
CUST_2743,7,3.742857142857143
CUST_2744,8,4.1
CUST_2745,5,3.7399999999999998
CUST_2746,6,4.216666666666667
CUST_2747,4,4.0
CUST_2748,3,3.8666666666666667
CUST_2749,2,3.9
CUST_2750,5,4.1
CUST_2751,1,4.3
CUST_2752,6,3.966666666666667
CUST_2753,7,4.071428571428571
CUST_2754,4,4.05
CUST_2755,6,3.75
CUST_2756,3,4.033333333333333
CUST_2757,1,4.9
CUST_2758,3,4.2
CUST_2759,4,3.8
CUST_2760,2,3.5999999999999996
CUST_2761,4,3.9499999999999997
CUST_2762,1,4.9
CUST_2763,4,4.2
CUST_2764,2,4.35
CUST_2765,6,4.1499999999999995
CUST_2766,6,4.1000000000000005
CUST_2767,4,4.0
CUST_2768,3,4.033333333333333
CUST_2769,2,4.5
CUST_2770,3,4.1000000000000005
CUST_2771,4,4.025
CUST_2772,2,4.199999999999999
CUST_2773,2,4.4
CUST_2774,4,3.9
CUST_2775,4,4.25
CUST_2776,6,3.8166666666666664
CUST_2777,2,4.25
CUST_2778,2,3.85
CUST_2779,1,3.8
CUST_2780,3,3.8666666666666667
CUST_2781,5,4.34
CUST_2782,2,4.05
CUST_2783,4,4.0
CUST_2784,2,4.6
CUST_2785,3,4.366666666666666
CUST_2786,1,4.2
CUST_2787,2,3.75
CUST_2788,4,3.975
CUST_2789,4,4.375
CUST_2790,4,4.55
CUST_2791,6,4.483333333333333
CUST_2792,5,4.42
CUST_2793,2,3.85
CUST_2794,2,4.199999999999999
CUST_2795,2,4.8
CUST_2796,2,4.4
CUST_2797,5,4.16
CUST_2798,1,4.3
CUST_2799,4,3.95
CUST_2800,4,3.675
CUST_2801,2,4.05
CUST_2802,5,4.1
CUST_2803,2,3.6
CUST_2804,5,3.8600000000000003
CUST_2805,4,3.9
CUST_2806,3,3.633333333333333
CUST_2807,4,4.075
CUST_2808,2,3.5999999999999996
CUST_2809,7,3.9
CUST_2811,1,4.4
CUST_2812,5,3.5
CUST_2813,3,4.166666666666667
CUST_2814,2,4.199999999999999
CUST_2815,3,4.166666666666667
CUST_2816,7,4.371428571428572
CUST_2817,7,3.7285714285714286
CUST_2818,5,3.7600000000000002
CUST_2819,3,4.166666666666667
CUST_2820,2,3.75
CUST_2821,5,4.1
CUST_2822,3,4.166666666666667
CUST_2823,4,4.075
CUST_2824,3,3.9666666666666663
CUST_2825,4,3.675
CUST_2826,3,4.166666666666667
CUST_2827,5,3.7399999999999998
CUST_2828,1,4.7
CUST_2829,5,4.42
CUST_2830,1,5.0
CUST_2831,2,3.4
CUST_2832,3,4.3
CUST_2833,5,4.62
CUST_2834,4,4.375
CUST_2835,2,3.45
CUST_2836,2,3.8499999999999996
CUST_2837,2,3.75
CUST_2838,2,4.3
CUST_2839,1,4.0
CUST_2840,3,3.533333333333333
CUST_2841,4,4.7
CUST_2842,1,4.0
CUST_2843,7,3.8857142857142857
CUST_2844,2,4.3
CUST_2845,4,4.1
CUST_2846,6,3.983333333333333
CUST_2847,4,4.15
CUST_2848,6,4.233333333333333
CUST_2849,1,3.4
CUST_2850,5,3.66
CUST_2851,2,3.55
CUST_2852,2,4.1
CUST_2853,2,3.5
CUST_2854,7,3.9857142857142853
CUST_2855,1,4.9
CUST_2856,1,4.7
CUST_2857,6,3.9499999999999997
CUST_2858,2,3.9000000000000004
CUST_2859,2,3.1
CUST_2860,3,4.1000000000000005
CUST_2861,3,3.266666666666667
CUST_2862,4,4.15
CUST_2863,1,4.6
CUST_2864,2,4.6
CUST_2865,7,3.8285714285714287
CUST_2866,4,3.6
CUST_2867,5,3.9200000000000004
CUST_2868,5,4.0200000000000005
CUST_2869,2,3.75
CUST_2870,4,4.35
CUST_2871,6,3.8833333333333333
CUST_2872,1,4.5
CUST_2873,2,3.9499999999999997
CUST_2874,5,3.6
CUST_2875,7,4.085714285714286
CUST_2876,5,4.2
CUST_2877,4,3.7
CUST_2878,4,3.875
CUST_2879,4,3.875
CUST_2880,4,4.525
CUST_2881,1,4.0
CUST_2882,4,4.175
CUST_2883,1,3.7
CUST_2884,1,3.4
CUST_2885,2,3.6999999999999997
CUST_2886,5,3.5799999999999996
CUST_2887,3,4.166666666666667
CUST_2888,3,4.033333333333334
CUST_2889,5,3.6
CUST_2890,3,4.233333333333333
CUST_2891,3,4.3
CUST_2892,2,4.75
CUST_2893,3,3.6666666666666665
CUST_2894,2,4.6
CUST_2895,4,3.75
CUST_2896,1,3.4
CUST_2897,6,4.05
CUST_2898,3,3.9000000000000004
CUST_2899,4,4.25
CUST_2900,4,4.175
CUST_2901,3,4.0
CUST_2902,3,3.8333333333333335
CUST_2903,3,3.733333333333333
CUST_2904,4,3.875
CUST_2905,4,3.9749999999999996
CUST_2906,2,3.8499999999999996
CUST_2907,3,4.066666666666666
CUST_2908,6,3.85
CUST_2909,2,3.95
CUST_2910,1,4.0
CUST_2911,3,4.1000000000000005
CUST_2912,2,3.7
CUST_2913,3,3.7999999999999994
CUST_2914,4,4.125
CUST_2915,3,3.4
CUST_2916,3,4.2
CUST_2917,2,4.25
CUST_2918,1,4.5
CUST_2920,4,4.199999999999999
CUST_2921,3,4.166666666666667
CUST_2922,5,3.7400000000000007
CUST_2923,3,3.9
CUST_2924,4,3.75
CUST_2925,2,3.8
CUST_2926,3,4.266666666666667
CUST_2927,3,3.8000000000000003
CUST_2928,4,4.45
CUST_2929,4,4.15
CUST_2930,5,3.88
CUST_2931,7,3.9285714285714284
CUST_2932,4,4.3
CUST_2933,2,3.75
CUST_2934,4,4.075
CUST_2936,4,3.725
CUST_2937,4,4.0
CUST_2938,5,3.7
CUST_2939,4,3.925
CUST_2940,6,4.3999999999999995
CUST_2941,7,4.071428571428571
CUST_2942,2,3.8
CUST_2943,3,4.5
CUST_2944,4,4.1
CUST_2945,3,4.3999999999999995
CUST_2946,4,3.425
CUST_2947,1,4.9
CUST_2948,3,3.6666666666666665
CUST_2949,2,3.7
CUST_2950,5,4.0200000000000005
CUST_2951,5,3.78
CUST_2952,3,3.233333333333333
CUST_2953,5,4.0600000000000005
CUST_2954,1,4.9
CUST_2955,5,3.9799999999999995
CUST_2956,5,3.84
CUST_2957,1,4.4
CUST_2958,1,4.5
CUST_2959,2,4.0
CUST_2960,4,3.375
CUST_2961,1,3.2
CUST_2962,1,5.0
CUST_2963,2,4.05
CUST_2964,5,3.8200000000000003
CUST_2965,6,4.25
CUST_2966,3,3.6666666666666665
CUST_2967,1,4.7
CUST_2968,1,3.2
CUST_2969,1,3.4
CUST_2970,11,4.318181818181818
CUST_2971,7,3.8857142857142857
CUST_2972,2,3.1500000000000004
CUST_2973,3,4.466666666666667
CUST_2974,4,3.925
CUST_2975,2,4.15
CUST_2976,3,3.8333333333333335
CUST_2977,3,3.966666666666667
CUST_2978,4,4.275
CUST_2979,4,4.375
CUST_2980,2,4.2
CUST_2981,3,4.5
CUST_2982,4,3.6500000000000004
CUST_2983,4,3.4250000000000003
CUST_2984,2,4.75
CUST_2985,1,4.6
CUST_2986,7,3.957142857142857
CUST_2987,2,3.6500000000000004
CUST_2988,2,4.4
CUST_2989,8,3.9625
CUST_2990,3,4.7
CUST_2991,5,3.7399999999999998
CUST_2992,2,4.5
CUST_2993,2,3.7
CUST_2994,2,3.5
CUST_2995,3,4.5
CUST_2996,4,3.65
CUST_2998,5,4.0
CUST_2999,6,3.6
CUST_3000,4,4.2
CUST_3001,5,4.0200000000000005
CUST_3002,2,3.35
CUST_3003,3,3.5666666666666664
CUST_3004,4,4.125
CUST_3005,2,4.25
CUST_3006,2,4.75
CUST_3007,4,3.5
CUST_3008,1,4.2
CUST_3009,3,3.8666666666666667
CUST_3010,2,4.3
CUST_3011,2,3.5999999999999996
CUST_3012,1,4.4
CUST_3013,3,4.466666666666667
CUST_3014,4,4.275
CUST_3015,2,3.6
CUST_3016,5,3.88
CUST_3017,6,4.016666666666667
CUST_3018,4,3.5999999999999996
CUST_3019,3,4.333333333333333
CUST_3020,3,4.0
CUST_3021,2,3.3
CUST_3022,5,3.84
CUST_3023,4,4.225
CUST_3024,3,4.3999999999999995
CUST_3025,3,4.133333333333334
CUST_3026,1,3.2
CUST_3027,3,4.0
CUST_3028,3,4.2
CUST_3029,2,4.15
CUST_3030,1,4.3
CUST_3031,2,4.0
CUST_3032,4,4.125
CUST_3033,6,3.8000000000000003
CUST_3034,3,4.266666666666667
CUST_3035,3,3.9
CUST_3036,3,4.033333333333333
CUST_3037,4,3.675
CUST_3038,3,3.8000000000000003
CUST_3039,4,4.625
CUST_3040,2,4.550000000000001
CUST_3041,3,4.5
CUST_3042,8,4.2
CUST_3043,3,3.8666666666666667
CUST_3044,4,4.0
CUST_3045,4,4.25
CUST_3046,2,4.75
CUST_3047,2,4.15
CUST_3048,6,3.5500000000000003
CUST_3049,4,4.199999999999999
CUST_3050,3,3.9
CUST_3051,3,4.2
CUST_3052,3,3.766666666666667
CUST_3053,5,3.8600000000000003
CUST_3054,2,4.55
CUST_3055,1,4.6
CUST_3056,2,4.35
CUST_3057,3,3.966666666666667
CUST_3058,2,3.85
CUST_3059,1,3.6
CUST_3060,4,3.925
CUST_3061,2,4.1
CUST_3062,2,4.6
CUST_3063,3,3.5666666666666664
CUST_3064,3,4.1000000000000005
CUST_3065,6,4.333333333333333
CUST_3066,3,4.366666666666667
CUST_3067,5,4.16
CUST_3068,10,3.8600000000000003
CUST_3069,8,3.5250000000000004
CUST_3070,3,3.6666666666666665
CUST_3071,5,3.96
CUST_3072,6,4.316666666666666
CUST_3073,4,4.125
CUST_3075,2,3.05
CUST_3076,2,3.3
CUST_3077,5,3.94
CUST_3078,4,3.8
CUST_3079,3,3.6666666666666665
CUST_3080,2,3.3
CUST_3081,1,3.4
CUST_3082,5,4.220000000000001
CUST_3083,5,4.18
CUST_3084,3,3.3000000000000003
CUST_3085,4,3.65
CUST_3086,4,4.15
CUST_3087,7,4.0
CUST_3088,4,3.85
CUST_3089,4,4.2
CUST_3090,2,3.85
CUST_3091,3,3.733333333333333
CUST_3092,2,3.8499999999999996
CUST_3093,3,4.366666666666667
CUST_3094,5,4.12
CUST_3095,4,4.175
CUST_3096,3,3.8333333333333335
CUST_3097,2,4.199999999999999
CUST_3098,3,4.5
CUST_3099,2,3.8
CUST_3100,6,4.033333333333334
CUST_3101,6,3.9500000000000006
CUST_3102,3,3.9
CUST_3103,3,4.3
CUST_3104,2,4.15
CUST_3105,5,3.9200000000000004
CUST_3106,1,4.0
CUST_3108,3,4.133333333333333
CUST_3109,4,4.6
CUST_3110,6,4.016666666666667
CUST_3111,5,4.24
CUST_3112,4,4.05
CUST_3113,1,4.9
CUST_3114,2,3.6999999999999997
CUST_3115,5,3.8
CUST_3116,2,4.6
CUST_3117,2,4.5
CUST_3118,2,4.550000000000001
CUST_3119,2,3.6500000000000004
CUST_3120,4,4.05
CUST_3121,5,4.0
CUST_3122,2,3.75
CUST_3123,1,3.1
CUST_3124,1,3.4
CUST_3125,4,3.825
CUST_3126,7,3.942857142857143
CUST_3127,1,4.3
CUST_3128,3,3.633333333333333
CUST_3129,4,3.525
CUST_3130,9,3.7777777777777777
CUST_3131,4,3.925
CUST_3132,1,4.9
CUST_3133,3,4.2
CUST_3134,2,4.5
CUST_3135,2,4.35
CUST_3136,2,3.75
CUST_3137,3,4.233333333333333
CUST_3138,5,4.18
CUST_3139,3,3.9333333333333336
CUST_3140,5,4.3
CUST_3141,4,4.375
CUST_3142,3,4.1000000000000005
CUST_3143,4,3.825
CUST_3144,2,4.05
CUST_3145,1,3.3
CUST_3146,4,3.55
CUST_3147,3,4.533333333333334
CUST_3148,3,4.133333333333333
CUST_3149,4,4.025
CUST_3150,3,3.5
CUST_3151,2,3.85
CUST_3152,1,3.1
CUST_3153,5,3.8800000000000003
CUST_3154,2,4.25
CUST_3155,2,4.15
CUST_3156,4,4.0
CUST_3157,4,3.8
CUST_3158,3,4.1000000000000005
CUST_3159,6,3.8666666666666667
CUST_3160,5,4.119999999999999
CUST_3161,6,3.6333333333333333
CUST_3162,3,3.6333333333333333
CUST_3163,5,3.9
CUST_3165,7,4.185714285714286
CUST_3166,5,4.0
CUST_3167,7,3.8000000000000003
CUST_3168,3,4.366666666666667
CUST_3169,6,3.6666666666666665
CUST_3170,3,3.8666666666666667
CUST_3171,5,4.3
CUST_3172,2,3.25
CUST_3173,5,3.5799999999999996
CUST_3174,6,3.8333333333333335
CUST_3175,2,4.6
CUST_3176,2,4.25
CUST_3177,2,4.1
CUST_3178,5,4.0
CUST_3179,2,3.3
CUST_3180,3,4.533333333333333
CUST_3181,2,4.55
CUST_3182,3,4.033333333333333
CUST_3183,3,4.133333333333334
CUST_3184,3,4.1
CUST_3185,4,4.0
CUST_3186,3,3.6333333333333333
CUST_3187,6,4.216666666666667
CUST_3188,4,3.75
CUST_3189,2,4.5
CUST_3190,3,4.266666666666667
CUST_3192,3,3.3333333333333335
CUST_3193,3,4.2
CUST_3194,6,4.166666666666667
CUST_3195,5,4.08
CUST_3196,3,3.9
CUST_3197,1,3.8
CUST_3198,2,4.1
CUST_3199,3,4.066666666666666
CUST_3200,8,4.025
CUST_3201,2,3.75
CUST_3202,4,3.725
CUST_3203,6,3.6
CUST_3204,5,3.8
CUST_3205,4,3.95
CUST_3206,2,3.3
CUST_3207,5,3.8200000000000003
CUST_3208,2,3.7
CUST_3209,2,3.8
CUST_3210,4,3.875
CUST_3211,3,3.6999999999999997
CUST_3213,4,4.5
CUST_3215,4,4.300000000000001
CUST_3216,4,3.8249999999999997
CUST_3217,3,3.566666666666667
CUST_3218,2,4.75
CUST_3219,4,4.525
CUST_3220,1,4.6
CUST_3221,5,3.7600000000000002
CUST_3222,5,4.3
CUST_3223,8,4.0249999999999995
CUST_3224,5,3.66
CUST_3226,4,3.9499999999999997
CUST_3227,2,3.3
CUST_3228,3,4.0
CUST_3229,5,4.2
CUST_3230,5,4.14
CUST_3231,2,4.85
CUST_3232,2,3.9000000000000004
CUST_3233,2,3.4000000000000004
CUST_3234,5,3.96
CUST_3235,3,3.5
CUST_3236,6,4.116666666666666
CUST_3237,3,3.6999999999999997
CUST_3238,3,4.066666666666666
CUST_3239,5,3.7399999999999998
CUST_3240,1,3.6
CUST_3241,3,3.5333333333333337
CUST_3242,4,4.225
CUST_3243,7,4.0
CUST_3244,2,4.7
CUST_3245,3,3.5
CUST_3246,4,4.2
CUST_3247,3,4.233333333333333
CUST_3248,8,4.125
CUST_3249,3,3.8000000000000003
CUST_3250,3,4.333333333333333
CUST_3251,3,3.733333333333333
CUST_3252,5,3.7599999999999993
CUST_3253,6,3.8000000000000003
CUST_3254,3,4.1000000000000005
CUST_3255,5,4.16
CUST_3256,3,3.866666666666667
CUST_3257,7,4.042857142857143
CUST_3258,4,3.425
CUST_3259,1,3.6
CUST_3260,3,3.933333333333333
CUST_3261,3,3.5666666666666664
CUST_3262,7,4.057142857142857
CUST_3263,2,3.65
CUST_3264,4,4.075
CUST_3265,3,3.533333333333333
CUST_3266,5,4.04
CUST_3267,7,4.242857142857143
CUST_3268,1,4.7
CUST_3269,5,4.0200000000000005
CUST_3270,4,4.4
CUST_3271,2,3.55
CUST_3272,3,3.766666666666667
CUST_3273,4,4.0
CUST_3274,2,3.7
CUST_3275,4,3.725
CUST_3276,4,3.7750000000000004
CUST_3277,2,3.55
CUST_3278,2,3.95
CUST_3279,2,4.25
CUST_3280,4,3.85
CUST_3281,5,3.84
CUST_3282,4,4.0
CUST_3283,1,4.1
CUST_3284,3,4.1000000000000005
CUST_3285,3,3.966666666666667
CUST_3286,8,4.25
CUST_3287,2,4.0
CUST_3288,2,4.0
CUST_3289,3,3.9333333333333336
CUST_3290,7,3.6999999999999997
CUST_3291,6,3.9
CUST_3292,10,3.95
CUST_3293,6,3.8666666666666667
CUST_3294,2,4.15
CUST_3295,3,4.233333333333333
CUST_3296,1,4.7
CUST_3297,3,4.633333333333333
CUST_3298,4,4.1
CUST_3299,5,3.9799999999999995
CUST_3300,3,4.3999999999999995
CUST_3301,3,4.366666666666667
CUST_3302,3,3.9666666666666663
CUST_3303,6,3.9
CUST_3304,3,3.4333333333333336
CUST_3305,6,4.433333333333333
CUST_3306,1,3.9
CUST_3307,9,4.177777777777778
CUST_3308,3,4.333333333333333
CUST_3310,1,4.6
CUST_3312,1,4.5
CUST_3314,7,3.7857142857142856
CUST_3315,7,3.742857142857143
CUST_3316,7,3.8857142857142857
CUST_3317,5,4.5
CUST_3318,6,3.8166666666666664
CUST_3319,4,3.65
CUST_3320,4,4.3
CUST_3321,6,4.183333333333334
CUST_3322,7,4.185714285714286
CUST_3323,5,4.0600000000000005
CUST_3324,4,4.325
CUST_3325,4,4.2
CUST_3326,3,4.166666666666667
CUST_3327,4,3.6750000000000003
CUST_3328,4,3.2750000000000004
CUST_3329,3,3.9
CUST_3330,3,4.0
CUST_3331,3,4.433333333333334
CUST_3332,4,4.0
CUST_3333,4,4.375
CUST_3334,2,3.8000000000000003
CUST_3335,1,4.5
CUST_3336,7,4.014285714285714
CUST_3337,4,3.5999999999999996
CUST_3338,5,4.14
CUST_3339,2,3.45
CUST_3340,5,4.2
CUST_3341,2,3.85
CUST_3342,2,4.5
CUST_3343,1,3.6
CUST_3344,6,4.033333333333334
CUST_3345,4,3.7
CUST_3346,6,3.966666666666667
CUST_3347,4,4.325
CUST_3348,4,4.025
CUST_3350,2,3.5999999999999996
CUST_3351,1,4.3
CUST_3352,4,4.15
CUST_3353,5,3.9200000000000004
CUST_3354,3,4.0
CUST_3355,3,3.866666666666667
CUST_3356,2,3.15
CUST_3357,4,3.975
CUST_3358,2,4.1
CUST_3359,4,3.7
CUST_3360,4,4.5
CUST_3361,5,4.4799999999999995
CUST_3362,3,3.4333333333333336
CUST_3363,3,3.9666666666666663
CUST_3364,5,3.84
CUST_3365,8,3.8125
CUST_3366,3,3.9
CUST_3367,2,3.95
CUST_3368,2,3.95
CUST_3369,6,3.6833333333333336
CUST_3370,6,4.183333333333334
CUST_3371,4,4.625
CUST_3372,4,4.575
CUST_3373,1,3.3
CUST_3374,2,4.65
CUST_3375,2,3.7
CUST_3376,3,4.466666666666667
CUST_3378,8,3.85
CUST_3379,3,4.033333333333333
CUST_3380,1,3.4
CUST_3381,5,3.62
CUST_3382,1,4.4
CUST_3383,2,3.7
CUST_3384,5,4.0600000000000005
CUST_3385,6,3.983333333333333
CUST_3386,3,4.1000000000000005
CUST_3387,3,3.233333333333333
CUST_3388,3,4.166666666666667
CUST_3389,3,4.066666666666666
CUST_3390,4,3.575
CUST_3391,3,3.6333333333333333
CUST_3392,2,3.45
CUST_3393,3,4.433333333333334
CUST_3394,2,4.55
CUST_3395,4,4.300000000000001
CUST_3396,3,4.533333333333333
CUST_3397,2,4.9
CUST_3399,4,3.9000000000000004
CUST_3400,4,3.9000000000000004
CUST_3401,6,3.8333333333333335
CUST_3402,4,3.575
CUST_3403,4,4.4
CUST_3404,5,4.62
CUST_3405,1,3.4
CUST_3406,6,4.05
CUST_3407,1,4.4
CUST_3408,1,4.6
CUST_3409,3,4.366666666666666
CUST_3410,4,3.9
CUST_3411,2,4.0
CUST_3412,4,4.175000000000001
CUST_3413,4,4.075
CUST_3414,8,4.025
CUST_3415,6,4.05
CUST_3416,5,4.04
CUST_3417,2,3.9
CUST_3418,4,4.35
CUST_3419,3,3.9333333333333336
CUST_3420,2,4.65
CUST_3421,5,3.78
CUST_3422,4,4.125
CUST_3423,4,4.225
CUST_3424,3,4.166666666666667
CUST_3425,4,4.15
CUST_3426,3,4.2
CUST_3427,4,3.675
CUST_3428,1,3.2
CUST_3429,4,3.925
CUST_3430,8,4.025
CUST_3431,3,3.733333333333333
CUST_3432,2,4.300000000000001
CUST_3433,1,4.3
CUST_3434,4,3.825
CUST_3435,5,3.88
CUST_3436,2,3.75
CUST_3437,2,4.15
CUST_3438,3,4.0
CUST_3439,4,3.45
CUST_3440,5,4.26
CUST_3441,3,4.1000000000000005
CUST_3442,2,3.9000000000000004
CUST_3443,2,4.25
CUST_3444,6,4.35
CUST_3445,8,4.075
CUST_3446,5,4.279999999999999
CUST_3447,4,3.75
CUST_3448,1,5.0
CUST_3449,2,4.6
CUST_3450,4,4.0
CUST_3451,4,3.8
CUST_3452,4,4.0
CUST_3453,2,4.1
CUST_3455,3,4.166666666666667
CUST_3456,6,3.6833333333333336
CUST_3457,1,3.6
CUST_3458,6,3.85
CUST_3459,3,3.3666666666666667
CUST_3460,1,4.9
CUST_3461,4,4.45
CUST_3462,1,4.8
CUST_3463,5,3.5200000000000005
CUST_3464,2,3.95
CUST_3465,4,4.325
CUST_3466,5,3.6399999999999997
CUST_3467,4,4.0
CUST_3468,3,4.333333333333333
CUST_3469,3,4.533333333333333
CUST_3470,3,3.9
CUST_3471,3,3.5
CUST_3472,4,4.125
CUST_3473,3,4.1000000000000005
CUST_3474,4,3.7
CUST_3475,1,4.1
CUST_3476,5,4.38
CUST_3477,1,3.1
CUST_3478,2,3.8
CUST_3479,2,4.1
CUST_3480,5,3.7600000000000002
CUST_3481,4,3.85
CUST_3482,3,4.033333333333333
CUST_3483,5,3.3600000000000003
CUST_3484,5,3.78
CUST_3485,5,3.8200000000000003
CUST_3486,5,3.72
CUST_3487,3,4.033333333333333
CUST_3488,2,4.1
CUST_3489,2,4.3
CUST_3490,2,3.9
CUST_3491,1,3.8
CUST_3492,3,3.4333333333333336
CUST_3493,2,4.35
CUST_3494,7,4.371428571428572
CUST_3495,4,3.9000000000000004
CUST_3496,7,4.228571428571429
CUST_3497,3,3.9
CUST_3498,4,4.025
CUST_3499,1,3.9
CUST_3500,5,4.26
CUST_3501,4,3.7
CUST_3502,6,3.75
CUST_3503,2,3.9499999999999997
CUST_3504,4,4.05
CUST_3505,2,3.3499999999999996
CUST_3506,3,3.6
CUST_3507,4,3.875
CUST_3508,2,3.9499999999999997
CUST_3509,7,4.057142857142857
CUST_3510,2,3.45
CUST_3511,3,3.6666666666666665
CUST_3512,4,3.525
CUST_3513,4,4.05
CUST_3514,3,4.366666666666666
CUST_3515,3,3.6999999999999997
CUST_3516,3,4.8
CUST_3517,3,3.8333333333333335
CUST_3518,6,3.9500000000000006
CUST_3519,3,4.033333333333333
CUST_3520,1,3.4
CUST_3521,6,4.016666666666667
CUST_3522,3,4.266666666666667
CUST_3523,5,4.0600000000000005
CUST_3524,3,4.3
CUST_3525,10,4.029999999999999
CUST_3526,3,3.733333333333333
CUST_3527,9,4.155555555555555
CUST_3528,2,3.7
CUST_3529,1,4.2
CUST_3530,1,4.9
CUST_3531,2,3.8499999999999996
CUST_3532,5,4.08
CUST_3533,1,4.9
CUST_3534,3,3.9
CUST_3535,12,3.9416666666666664
CUST_3536,3,3.6333333333333333
CUST_3537,1,4.8
CUST_3538,1,4.1
CUST_3539,7,4.085714285714285
CUST_3540,3,4.433333333333334
CUST_3541,1,4.5
CUST_3542,3,4.3999999999999995
CUST_3543,3,4.2
CUST_3544,4,4.55
CUST_3545,3,4.0
CUST_3546,2,4.15
CUST_3547,4,4.275
CUST_3548,6,3.466666666666667
CUST_3549,5,3.96
CUST_3550,1,4.4
CUST_3551,5,4.12
CUST_3552,1,3.5
CUST_3553,4,3.95
CUST_3554,6,3.8166666666666664
CUST_3555,3,4.2
CUST_3556,3,4.366666666666666
CUST_3557,4,4.0
CUST_3558,1,3.8
CUST_3559,2,3.8499999999999996
CUST_3560,3,3.8666666666666667
CUST_3561,2,3.9
CUST_3562,2,4.15
CUST_3563,2,3.85
CUST_3564,3,3.9
CUST_3565,3,3.733333333333333
CUST_3566,2,4.15
CUST_3567,4,3.95
CUST_3568,3,4.133333333333334
CUST_3569,3,3.3666666666666667
CUST_3570,4,3.325
CUST_3571,7,4.1000000000000005
CUST_3572,6,4.583333333333333
CUST_3573,3,3.9
CUST_3574,2,3.5
CUST_3575,2,3.9
CUST_3576,2,4.300000000000001
CUST_3577,2,3.8
CUST_3578,6,3.8166666666666664
CUST_3579,5,4.0
CUST_3580,5,4.220000000000001
CUST_3581,3,3.733333333333333
CUST_3582,2,3.8
CUST_3583,5,3.94
CUST_3584,4,4.4
CUST_3585,2,4.8
CUST_3586,1,4.7
CUST_3587,8,3.9625
CUST_3588,3,3.9333333333333336
CUST_3589,4,4.050000000000001
CUST_3590,1,4.7
CUST_3591,4,4.0
CUST_3592,2,4.15
CUST_3593,6,4.016666666666667
CUST_3594,4,4.1
CUST_3595,5,3.9200000000000004
CUST_3596,1,4.1
CUST_3597,1,3.3
CUST_3598,6,3.8000000000000003
CUST_3599,1,3.3
CUST_3600,4,3.35
CUST_3601,4,3.9499999999999997
CUST_3602,1,4.1
CUST_3603,3,4.3999999999999995
CUST_3604,3,3.3333333333333335
CUST_3605,3,4.0
CUST_3606,5,3.72
CUST_3607,4,4.225
CUST_3608,8,3.8625
CUST_3609,3,3.8666666666666667
CUST_3610,5,4.0
CUST_3611,2,4.05
CUST_3612,7,3.914285714285714
CUST_3613,1,3.7
CUST_3614,1,4.0
CUST_3615,3,4.133333333333334
CUST_3616,3,4.066666666666666
CUST_3617,6,4.05
CUST_3618,4,3.675
CUST_3619,5,4.16
CUST_3620,1,4.8
CUST_3621,6,3.966666666666667
CUST_3622,4,4.275
CUST_3623,3,3.766666666666667
CUST_3624,1,3.8
CUST_3625,5,4.38
CUST_3626,7,4.514285714285714
CUST_3627,6,3.966666666666667
CUST_3628,2,3.85
CUST_3630,1,4.0
CUST_3631,2,4.25
CUST_3632,2,3.45
CUST_3633,3,4.233333333333333
CUST_3634,3,4.466666666666667
CUST_3635,3,4.133333333333334
CUST_3636,4,4.575
CUST_3637,3,4.7
CUST_3638,1,3.1
CUST_3639,4,4.025
CUST_3641,6,4.033333333333334
CUST_3642,2,3.6
CUST_3643,4,3.9749999999999996
CUST_3644,5,3.8600000000000003
CUST_3645,4,4.475
CUST_3646,4,3.975
CUST_3647,5,4.34
CUST_3649,2,4.0
CUST_3650,3,4.333333333333333
CUST_3651,5,4.38
CUST_3652,3,3.766666666666667
CUST_3653,4,4.525
CUST_3654,5,3.9799999999999995
CUST_3655,7,3.7142857142857144
CUST_3656,2,4.25
CUST_3657,3,4.066666666666667
CUST_3658,4,3.875
CUST_3659,2,3.7
CUST_3660,3,3.5
CUST_3661,3,4.233333333333333
CUST_3662,6,3.8166666666666664
CUST_3663,3,4.366666666666666
CUST_3664,4,4.1
CUST_3665,1,4.1
CUST_3666,4,3.8
CUST_3667,2,3.8499999999999996
CUST_3668,5,3.8200000000000003
CUST_3669,5,4.0600000000000005
CUST_3670,2,4.75
CUST_3671,2,4.1
CUST_3672,5,3.6
CUST_3673,2,4.0
CUST_3674,3,3.9333333333333336
CUST_3675,4,4.2
CUST_3676,7,4.014285714285714
CUST_3677,3,3.966666666666667
CUST_3679,5,4.34
CUST_3680,3,4.366666666666667
CUST_3681,3,3.733333333333333
CUST_3682,1,3.0
CUST_3683,3,4.066666666666666
CUST_3684,2,4.15
CUST_3685,2,3.8499999999999996
CUST_3686,3,4.433333333333334
CUST_3687,4,4.1
CUST_3688,3,4.366666666666667
CUST_3689,5,3.8200000000000003
CUST_3690,4,4.475
CUST_3691,3,4.033333333333333
CUST_3692,2,3.9
CUST_3693,3,4.166666666666667
CUST_3694,4,3.625
CUST_3695,4,4.35
CUST_3696,1,4.5
CUST_3697,4,4.475
CUST_3698,4,3.575
CUST_3699,3,3.8666666666666667
CUST_3700,5,4.16
CUST_3701,4,4.275
CUST_3702,3,3.9
CUST_3703,3,3.6999999999999997
CUST_3704,2,4.0
CUST_3705,3,3.8333333333333335
CUST_3706,3,3.866666666666667
CUST_3707,1,3.0
CUST_3708,2,4.449999999999999
CUST_3709,2,4.0
CUST_3711,3,4.166666666666667
CUST_3712,3,3.8666666666666667
CUST_3713,9,3.933333333333333
CUST_3714,1,3.4
CUST_3715,2,3.75
CUST_3716,3,4.333333333333333
CUST_3717,2,4.3
CUST_3718,6,3.9499999999999997
CUST_3719,3,4.233333333333333
CUST_3720,1,3.5
CUST_3721,4,4.2
CUST_3722,3,4.066666666666666
CUST_3723,5,4.220000000000001
CUST_3724,1,3.1
CUST_3725,7,3.814285714285714
CUST_3726,4,3.775
CUST_3727,7,4.328571428571428
CUST_3728,2,3.95
CUST_3730,5,3.8200000000000003
CUST_3731,3,3.6666666666666665
CUST_3732,5,4.5200000000000005
CUST_3733,4,3.7
CUST_3734,6,3.6
CUST_3735,4,3.95
CUST_3736,8,4.1125
CUST_3738,2,3.6500000000000004
CUST_3739,3,3.4333333333333336
CUST_3740,4,3.625
CUST_3741,2,3.95
CUST_3742,6,4.0
CUST_3743,3,3.266666666666667
CUST_3744,3,3.766666666666667
CUST_3745,3,4.566666666666666
CUST_3746,3,3.6666666666666665
CUST_3747,4,4.2
CUST_3748,3,4.766666666666667
CUST_3749,5,3.88
CUST_3750,4,3.775
CUST_3751,3,4.2
CUST_3752,2,3.95
CUST_3753,2,3.8
CUST_3754,5,4.3
CUST_3755,9,3.922222222222222
CUST_3756,4,4.375
CUST_3757,3,3.6999999999999997
CUST_3758,3,3.9
CUST_3759,3,3.533333333333333
CUST_3760,3,4.3999999999999995
CUST_3761,3,4.666666666666667
CUST_3762,4,3.6000000000000005
CUST_3763,2,4.05
CUST_3764,3,4.233333333333333
CUST_3765,4,3.975
CUST_3766,1,3.2
CUST_3767,1,3.3
CUST_3768,4,4.125
CUST_3769,4,4.325
CUST_3770,3,4.033333333333334
CUST_3771,1,3.1
CUST_3772,2,3.45
CUST_3773,3,3.766666666666667
CUST_3774,4,3.825
CUST_3776,2,3.95
CUST_3777,2,3.65
CUST_3778,3,4.533333333333334
CUST_3779,1,3.2
CUST_3780,5,3.6799999999999997
CUST_3781,2,3.65
CUST_3782,2,4.7
CUST_3783,2,4.4
CUST_3784,2,4.25
CUST_3785,3,3.8000000000000003
CUST_3786,1,4.6
CUST_3787,3,4.2
CUST_3788,3,3.9333333333333336
CUST_3789,3,3.7000000000000006
CUST_3790,5,3.6399999999999997
CUST_3791,3,4.133333333333333
CUST_3792,3,3.3666666666666667
CUST_3793,7,4.085714285714286
CUST_3794,3,3.6333333333333333
CUST_3795,4,3.8000000000000003
CUST_3796,3,3.1999999999999997
CUST_3797,7,4.071428571428571
CUST_3798,7,4.514285714285714
CUST_3799,2,3.95
CUST_3800,5,3.88
CUST_3801,2,3.75
CUST_3802,1,3.2
CUST_3803,4,3.725
CUST_3804,3,4.2
CUST_3805,3,3.8000000000000003
CUST_3806,1,4.3
CUST_3807,5,4.6
CUST_3808,1,4.2
CUST_3809,2,4.15
CUST_3810,1,4.4
CUST_3811,3,4.0
CUST_3812,4,3.675
CUST_3813,3,4.033333333333333
CUST_3814,5,3.9200000000000004
CUST_3815,6,3.983333333333333
CUST_3816,2,4.3
CUST_3818,1,5.0
CUST_3819,4,3.8249999999999997
CUST_3820,3,3.9333333333333336
CUST_3821,3,4.2
CUST_3822,3,4.0
CUST_3823,2,4.050000000000001
CUST_3824,7,4.242857142857143
CUST_3825,3,4.066666666666666
CUST_3826,4,4.175
CUST_3827,4,3.8
CUST_3828,5,4.220000000000001
CUST_3830,4,3.675
CUST_3831,1,3.2
CUST_3832,6,3.9500000000000006
CUST_3833,4,3.525
CUST_3835,4,4.2
CUST_3836,1,4.1
CUST_3837,2,3.7
CUST_3838,5,3.8
CUST_3839,4,3.8499999999999996
CUST_3840,4,4.05
CUST_3841,3,4.066666666666666
CUST_3842,6,3.9166666666666665
CUST_3843,4,3.925
CUST_3844,2,4.15
CUST_3845,5,3.96
CUST_3846,3,3.766666666666667
CUST_3847,5,4.24
CUST_3848,4,4.05
CUST_3849,3,3.4333333333333336
CUST_3850,2,3.2
CUST_3851,2,3.5999999999999996
CUST_3852,6,4.1000000000000005
CUST_3853,2,3.9
CUST_3854,5,3.94
CUST_3855,5,4.1
CUST_3856,2,4.0
CUST_3857,1,3.3
CUST_3858,4,3.95
CUST_3859,5,4.24
CUST_3860,2,3.95
CUST_3861,1,3.8
CUST_3862,4,4.175
CUST_3863,1,4.9
CUST_3864,2,4.4
CUST_3865,3,4.633333333333333
CUST_3866,2,4.1
CUST_3867,6,4.366666666666666
CUST_3868,7,3.7285714285714286
CUST_3869,7,4.228571428571429
CUST_3870,5,4.3
CUST_3871,4,3.75
CUST_3872,2,3.3499999999999996
CUST_3873,3,4.533333333333334
CUST_3874,2,4.05
CUST_3875,6,3.85
CUST_3876,2,4.1
CUST_3877,3,4.033333333333333
CUST_3878,3,4.466666666666667
CUST_3879,7,3.9714285714285715
CUST_3880,3,4.233333333333333
CUST_3881,3,3.733333333333333
CUST_3882,3,4.1000000000000005
CUST_3883,2,4.35
CUST_3884,3,3.8666666666666667
CUST_3885,8,3.7625
CUST_3886,3,4.533333333333334
CUST_3887,1,3.2
CUST_3888,1,4.1
CUST_3889,1,4.6
CUST_3890,3,4.1000000000000005
CUST_3892,1,3.5
CUST_3893,4,4.275
CUST_3894,3,4.8
CUST_3895,2,3.7
CUST_3896,2,3.65
CUST_3897,6,4.2
CUST_3898,4,4.05
CUST_3899,1,3.8
CUST_3900,8,4.1625
CUST_3901,5,3.8200000000000003
CUST_3902,3,4.266666666666667
CUST_3903,7,4.0285714285714285
CUST_3905,5,4.4
CUST_3906,4,4.125
CUST_3907,4,3.8499999999999996
CUST_3908,2,4.85
CUST_3909,4,3.625
CUST_3910,7,4.0285714285714285
CUST_3911,4,3.45
CUST_3912,1,4.0
CUST_3913,4,4.1
CUST_3914,2,3.45
CUST_3915,3,4.466666666666667
CUST_3916,7,3.8428571428571425
CUST_3917,3,3.6666666666666665
CUST_3918,2,4.2
CUST_3919,4,4.45
CUST_3920,2,4.2
CUST_3921,3,3.733333333333333
CUST_3923,3,4.3999999999999995
CUST_3924,2,4.2
CUST_3925,2,4.55
CUST_3926,4,3.95
CUST_3927,3,4.3
CUST_3928,6,3.8833333333333333
CUST_3929,4,3.95
CUST_3930,4,3.825
CUST_3931,4,4.05
CUST_3932,5,4.0600000000000005
CUST_3933,3,4.066666666666666
CUST_3934,2,4.1
CUST_3935,6,4.0
CUST_3936,4,4.25
CUST_3937,2,3.75
CUST_3938,8,4.15
CUST_3939,3,3.9
CUST_3940,2,4.25
CUST_3941,2,3.55
CUST_3942,2,3.1500000000000004
CUST_3943,2,4.45
CUST_3944,3,3.5666666666666664
CUST_3945,6,3.783333333333333
CUST_3946,2,3.7
CUST_3947,9,4.2444444444444445
CUST_3948,2,4.449999999999999
CUST_3949,3,3.733333333333333
CUST_3950,4,4.125
CUST_3952,2,3.35
CUST_3953,8,4.1125
CUST_3954,5,3.9199999999999995
CUST_3955,7,4.385714285714285
CUST_3956,5,3.8
CUST_3957,2,3.15
CUST_3958,5,4.1
CUST_3959,3,3.6
CUST_3960,6,3.85
CUST_3961,1,3.3
CUST_3962,5,4.04
CUST_3963,2,4.199999999999999
CUST_3964,5,4.1
CUST_3965,1,4.0
CUST_3966,3,3.9333333333333336
CUST_3967,4,3.975
CUST_3968,3,3.5666666666666664
CUST_3969,5,3.84
CUST_3970,1,3.6
CUST_3971,2,3.05
CUST_3972,1,3.4
CUST_3973,4,3.525
CUST_3974,3,3.3666666666666667
CUST_3975,4,4.050000000000001
CUST_3976,4,3.9
CUST_3977,7,3.7
CUST_3978,5,4.12
CUST_3979,4,3.7
CUST_3980,2,3.95
CUST_3981,3,3.966666666666667
CUST_3982,1,3.6
CUST_3983,1,4.5
CUST_3984,4,4.25
CUST_3985,5,4.0
CUST_3986,5,4.1
CUST_3987,1,3.6
CUST_3988,5,4.4799999999999995
CUST_3989,1,3.7
CUST_3990,2,4.1
CUST_3991,1,3.2
CUST_3992,7,3.685714285714286
CUST_3993,3,4.266666666666667
CUST_3994,5,3.78
CUST_3996,4,4.1
CUST_3997,1,4.2
CUST_3998,5,4.18
CUST_3999,7,4.0285714285714285
CUST_4000,2,4.25
CUST_4001,3,3.6999999999999997
CUST_4002,2,4.0
CUST_4003,1,3.6
CUST_4004,6,3.9
CUST_4005,2,3.95
CUST_4006,2,4.2
CUST_4007,4,4.300000000000001
CUST_4008,2,4.1
CUST_4009,3,3.1666666666666665
CUST_4010,4,3.45
CUST_4011,2,3.2
CUST_4012,6,3.9333333333333336
CUST_4013,5,4.0200000000000005
CUST_4014,5,4.04
CUST_4015,5,3.84
CUST_4016,3,4.033333333333333
CUST_4017,3,3.6666666666666665
CUST_4018,7,4.0285714285714285
CUST_4019,2,4.199999999999999
CUST_4020,4,4.075
CUST_4021,1,3.1
CUST_4022,4,3.675
CUST_4023,2,3.55
CUST_4024,3,4.166666666666667
CUST_4025,3,4.166666666666667
CUST_4026,3,4.333333333333333
CUST_4027,7,4.2
CUST_4028,7,4.085714285714286
CUST_4029,4,4.3
CUST_4030,5,3.66
CUST_4031,2,3.9
CUST_4032,4,4.125
CUST_4033,3,3.9333333333333336
CUST_4036,1,4.4
CUST_4037,2,4.550000000000001
CUST_4039,5,3.9
CUST_4040,3,3.5
CUST_4041,4,4.375
CUST_4042,6,3.65
CUST_4043,3,4.166666666666667
CUST_4044,3,3.7999999999999994
CUST_4046,7,4.085714285714286
CUST_4047,3,3.6333333333333333
CUST_4048,7,3.9857142857142853
CUST_4049,1,3.6
CUST_4050,5,3.62
CUST_4051,3,4.233333333333333
CUST_4052,5,4.119999999999999
CUST_4053,3,3.6
CUST_4054,2,4.65
CUST_4055,5,3.96
CUST_4056,7,4.5285714285714285
CUST_4057,3,3.4666666666666663
CUST_4058,4,3.975
CUST_4059,2,4.75
CUST_4060,7,4.4
CUST_4061,3,4.133333333333333
CUST_4062,2,3.9
CUST_4063,3,4.033333333333333
CUST_4064,2,4.15
CUST_4065,3,3.966666666666667
CUST_4066,5,3.9
CUST_4068,3,4.1000000000000005
CUST_4069,2,4.25
CUST_4070,4,3.625
CUST_4071,1,3.9
CUST_4072,4,4.225
CUST_4073,2,3.2
CUST_4074,3,4.0
CUST_4075,2,3.7
CUST_4076,3,3.7999999999999994
CUST_4077,4,3.85
CUST_4078,3,4.366666666666666
CUST_4079,8,3.9125
CUST_4080,3,3.9
CUST_4081,5,3.84
CUST_4082,2,4.3
CUST_4083,5,3.7
CUST_4084,4,4.1
CUST_4085,7,4.042857142857143
CUST_4086,2,3.85
CUST_4087,4,3.4000000000000004
CUST_4088,3,3.3000000000000003
CUST_4089,3,4.033333333333334
CUST_4090,4,3.775
CUST_4091,3,4.333333333333333
CUST_4093,3,3.4333333333333336
CUST_4094,4,3.65
CUST_4095,4,4.7
CUST_4096,2,3.5
CUST_4097,4,3.9749999999999996
CUST_4098,3,4.066666666666666
CUST_4099,1,3.1
CUST_4101,1,3.7
CUST_4102,4,3.925
CUST_4103,3,4.333333333333333
CUST_4104,5,4.0
CUST_4105,3,3.533333333333333
CUST_4106,3,3.8333333333333335
CUST_4107,2,4.25
CUST_4109,5,3.88
CUST_4110,9,4.266666666666667
CUST_4111,2,4.05
CUST_4112,4,4.05
CUST_4113,2,3.55
CUST_4114,2,3.9
CUST_4115,5,3.8600000000000003
CUST_4116,3,4.366666666666667
CUST_4117,3,3.233333333333333
CUST_4118,1,4.7
CUST_4119,6,4.183333333333334
CUST_4120,4,3.6
CUST_4121,2,3.85
CUST_4122,4,4.4
CUST_4123,1,3.9
CUST_4124,1,3.2
CUST_4125,3,3.466666666666667
CUST_4126,1,4.2
CUST_4127,4,3.9
CUST_4128,3,4.6000000000000005
CUST_4129,5,3.94
CUST_4130,3,4.0
CUST_4131,3,3.6666666666666665
CUST_4132,2,3.9
CUST_4133,4,3.7750000000000004
CUST_4134,1,4.2
CUST_4135,2,3.8000000000000003
CUST_4137,2,3.55
CUST_4138,3,3.8000000000000003
CUST_4139,4,4.225
CUST_4140,5,3.9799999999999995
CUST_4143,6,4.0
CUST_4144,4,3.725
CUST_4145,1,3.8
CUST_4146,2,3.55
CUST_4147,3,3.233333333333333
CUST_4148,4,4.35
CUST_4149,4,3.675
CUST_4150,4,4.025
CUST_4151,1,4.9
CUST_4152,6,4.016666666666667
CUST_4153,5,4.7
CUST_4154,6,4.05
CUST_4155,6,3.533333333333333
CUST_4156,5,3.7600000000000002
CUST_4157,3,3.8333333333333335
CUST_4158,2,3.5
CUST_4159,3,4.233333333333333
CUST_4160,2,4.55
CUST_4161,4,4.075
CUST_4162,2,3.8
CUST_4163,5,4.08
CUST_4164,5,4.12
CUST_4165,2,3.7
CUST_4166,2,4.35
CUST_4167,3,4.2
CUST_4168,6,4.083333333333333
CUST_4169,2,4.35
CUST_4170,4,4.15
CUST_4171,4,4.3
CUST_4172,5,3.96
CUST_4173,2,4.25
CUST_4174,2,4.15
CUST_4175,4,3.75
CUST_4176,3,3.8666666666666667
CUST_4177,2,4.0
CUST_4178,5,4.08
CUST_4179,2,3.75
CUST_4180,1,3.2
CUST_4181,7,4.1
CUST_4182,2,3.6
CUST_4183,5,3.94
CUST_4184,3,4.066666666666666
CUST_4185,6,3.9666666666666663
CUST_4186,2,3.9
CUST_4187,4,4.425
CUST_4188,4,3.95
CUST_4189,5,3.94
CUST_4190,4,3.65
CUST_4191,3,4.2
CUST_4192,3,4.133333333333334
CUST_4193,4,4.2
CUST_4194,2,4.05
CUST_4195,1,4.3
CUST_4196,3,3.766666666666667
CUST_4197,3,3.8333333333333335
CUST_4198,3,4.333333333333333
CUST_4199,2,3.8499999999999996
CUST_4201,4,4.325
CUST_4202,1,4.2
CUST_4203,2,4.0
CUST_4204,6,3.6333333333333333
CUST_4205,3,4.066666666666666
CUST_4206,4,3.9
CUST_4207,2,4.6
CUST_4208,3,3.5666666666666664
CUST_4209,5,4.12
CUST_4211,3,4.733333333333333
CUST_4212,6,4.0
CUST_4213,4,4.5
CUST_4214,5,4.3
CUST_4215,5,3.94
CUST_4216,5,4.2
CUST_4217,2,4.449999999999999
CUST_4218,6,3.9499999999999997
CUST_4219,3,3.766666666666667
CUST_4220,4,3.575
CUST_4221,3,4.7
CUST_4222,3,3.733333333333334
CUST_4223,3,3.966666666666667
CUST_4224,1,3.9
CUST_4225,1,3.1
CUST_4226,1,4.3
CUST_4227,1,4.9
CUST_4228,4,4.125
CUST_4229,4,3.975
CUST_4232,6,4.066666666666666
CUST_4233,2,3.4000000000000004
CUST_4234,2,3.9
CUST_4235,1,3.4
CUST_4236,3,4.033333333333333
CUST_4237,3,3.5666666666666664
CUST_4238,1,3.6
CUST_4239,3,4.0
CUST_4240,3,4.0
CUST_4241,3,3.6999999999999997
CUST_4242,4,3.875
CUST_4243,5,3.9
CUST_4244,3,4.3999999999999995
CUST_4245,4,3.75
CUST_4246,5,4.2
CUST_4247,1,4.1
CUST_4248,5,3.7
CUST_4249,3,3.766666666666667
CUST_4250,3,3.9333333333333336
CUST_4251,6,3.85
CUST_4253,4,4.2
CUST_4254,7,4.7
CUST_4255,4,3.975
CUST_4256,1,4.3
CUST_4257,2,3.8499999999999996
CUST_4258,2,3.55
CUST_4259,3,4.2
CUST_4260,4,4.225
CUST_4261,3,3.6999999999999997
CUST_4262,6,3.6666666666666665
CUST_4263,6,4.183333333333334
CUST_4264,4,4.025
CUST_4265,1,4.7
CUST_4266,2,4.25
CUST_4267,6,3.9499999999999997
CUST_4268,8,3.8375
CUST_4269,1,4.6
CUST_4270,4,3.55
CUST_4271,5,4.18
CUST_4272,5,3.8
CUST_4273,3,3.466666666666667
CUST_4274,2,4.15
CUST_4275,3,3.8333333333333335
CUST_4276,3,4.233333333333333
CUST_4277,6,3.9333333333333336
CUST_4278,5,3.8599999999999994
CUST_4279,4,3.775
CUST_4281,8,4.05
CUST_4282,4,3.55
CUST_4283,1,4.3
CUST_4284,1,3.7
CUST_4285,3,4.266666666666667
CUST_4286,2,4.55
CUST_4287,5,4.4399999999999995
CUST_4288,3,4.433333333333334
CUST_4289,5,4.24
CUST_4290,1,3.4
CUST_4291,2,3.75
CUST_4292,3,3.3333333333333335
CUST_4293,3,4.233333333333333
CUST_4295,2,4.15
CUST_4296,2,4.2
CUST_4297,3,3.866666666666667
CUST_4298,3,4.433333333333334
CUST_4299,2,3.6
CUST_4300,2,4.4
CUST_4302,6,4.216666666666667
CUST_4303,2,3.8
CUST_4304,9,4.077777777777778
CUST_4305,4,4.05
CUST_4306,1,3.4
CUST_4307,1,3.3
CUST_4308,4,4.225
CUST_4309,5,4.3
CUST_4310,3,4.433333333333334
CUST_4311,2,3.8
CUST_4312,5,4.24
CUST_4313,3,4.266666666666667
CUST_4314,6,3.8833333333333333
CUST_4315,2,4.5
CUST_4316,2,4.85
CUST_4318,4,3.8499999999999996
CUST_4319,3,4.366666666666666
CUST_4320,3,4.566666666666666
CUST_4321,2,3.55
CUST_4322,4,4.225
CUST_4323,2,3.95
CUST_4324,1,4.1
CUST_4325,3,4.3
CUST_4326,4,3.875
CUST_4327,4,4.45
CUST_4328,7,4.271428571428571
CUST_4329,3,3.9
CUST_4330,5,4.2
CUST_4331,2,3.7
CUST_4332,1,3.6
CUST_4333,2,4.199999999999999
CUST_4334,2,4.1
CUST_4335,10,3.6799999999999997
CUST_4337,4,3.9
CUST_4338,4,3.7
CUST_4339,3,3.6
CUST_4340,2,4.1
CUST_4341,2,4.300000000000001
CUST_4342,4,4.25
CUST_4343,6,4.216666666666667
CUST_4344,2,3.4000000000000004
CUST_4345,6,3.8166666666666664
CUST_4346,5,4.0600000000000005
CUST_4347,1,4.5
CUST_4348,3,4.066666666666666
CUST_4349,6,4.133333333333334
CUST_4350,3,4.333333333333333
CUST_4351,3,3.8666666666666667
CUST_4352,4,4.0
CUST_4353,4,4.45
CUST_4354,3,3.5
CUST_4355,1,4.5
CUST_4356,3,4.333333333333333
CUST_4357,1,3.1
CUST_4358,2,3.9
CUST_4359,2,3.75
CUST_4360,5,4.08
CUST_4361,3,4.5
CUST_4362,2,3.45
CUST_4363,2,4.0
CUST_4364,1,4.1
CUST_4365,6,3.783333333333333
CUST_4366,3,4.533333333333333
CUST_4367,3,4.066666666666666
CUST_4368,3,4.566666666666666
CUST_4369,4,4.0
CUST_4370,4,3.75
CUST_4371,3,4.1000000000000005
CUST_4372,5,4.42
CUST_4373,5,4.26
CUST_4374,2,3.9
CUST_4375,4,4.0
CUST_4376,3,3.6333333333333333
CUST_4377,4,4.075
CUST_4378,4,3.575
CUST_4379,5,4.04
CUST_4380,3,4.333333333333333
CUST_4381,1,4.3
CUST_4382,3,3.6333333333333333
CUST_4383,1,4.4
CUST_4384,3,4.066666666666666
CUST_4385,3,4.0
CUST_4387,6,3.716666666666667
CUST_4388,4,4.425
CUST_4389,4,4.05
CUST_4390,3,3.8666666666666667
CUST_4391,2,3.3
CUST_4392,2,4.550000000000001
CUST_4393,6,4.3500000000000005
CUST_4394,7,3.8714285714285714
CUST_4395,4,4.2
CUST_4396,6,4.266666666666667
CUST_4397,3,4.033333333333333
CUST_4398,1,4.5
CUST_4399,4,3.9749999999999996
CUST_4400,2,4.05
CUST_4401,2,3.95
CUST_4402,5,3.5200000000000005
CUST_4403,3,3.9666666666666663
CUST_4404,2,3.7
CUST_4405,2,3.9
CUST_4406,3,3.9
CUST_4407,4,4.225
CUST_4408,1,3.4
CUST_4409,2,3.9000000000000004
CUST_4410,2,4.550000000000001
CUST_4411,7,4.0
CUST_4412,5,4.14
CUST_4413,1,3.7
CUST_4414,5,3.8600000000000003
CUST_4415,3,4.633333333333334
CUST_4416,2,3.1500000000000004
CUST_4417,2,3.7
CUST_4418,4,4.475
CUST_4419,4,4.275
CUST_4420,3,3.9
CUST_4421,5,3.84
CUST_4422,2,4.0
CUST_4423,3,4.1000000000000005
CUST_4424,3,3.8000000000000003
CUST_4425,5,3.6
CUST_4426,2,3.4
CUST_4427,3,4.0
CUST_4428,4,3.8
CUST_4429,1,4.6
CUST_4430,2,3.9
CUST_4431,2,3.7
CUST_4432,6,3.9499999999999997
CUST_4433,2,3.1500000000000004
CUST_4434,2,3.65
CUST_4435,3,4.1000000000000005
CUST_4436,6,4.016666666666667
CUST_4437,4,3.45
CUST_4438,8,4.25
CUST_4439,3,3.9
CUST_4440,2,4.050000000000001
CUST_4441,6,4.25
CUST_4442,5,3.72
CUST_4443,3,3.9
CUST_4444,4,3.9
CUST_4445,3,4.233333333333333
CUST_4446,3,4.3
CUST_4447,2,3.75
CUST_4448,2,4.0
CUST_4449,2,4.1
CUST_4450,8,4.4125
CUST_4451,3,4.3
CUST_4452,4,3.775
CUST_4453,5,3.62
CUST_4454,4,3.325
CUST_4455,1,4.1
CUST_4456,2,3.65
CUST_4457,3,4.1000000000000005
CUST_4458,5,4.26
CUST_4460,4,3.8
CUST_4461,6,4.3500000000000005
CUST_4462,2,3.9
CUST_4463,6,3.966666666666667
CUST_4464,2,3.75
CUST_4465,3,4.233333333333333
CUST_4467,4,3.625
CUST_4468,1,3.9
CUST_4469,2,4.800000000000001
CUST_4470,3,4.3
CUST_4471,6,3.883333333333333
CUST_4472,1,3.2
CUST_4473,3,4.166666666666667
CUST_4474,3,4.633333333333334
CUST_4475,2,3.8499999999999996
CUST_4476,4,3.5
CUST_4477,2,3.6999999999999997
CUST_4478,2,4.65
CUST_4479,2,3.6
CUST_4480,1,4.2
CUST_4481,5,3.62
CUST_4482,1,4.3
CUST_4483,5,3.7
CUST_4484,3,3.9
CUST_4485,4,4.15
CUST_4486,1,3.2
CUST_4487,2,4.65
CUST_4488,1,3.1
CUST_4489,2,3.9499999999999997
CUST_4490,3,3.733333333333333
CUST_4491,1,3.6
CUST_4492,3,4.033333333333333
CUST_4493,5,3.46
CUST_4494,1,4.6
CUST_4495,4,3.7
CUST_4496,5,3.8599999999999994
CUST_4497,3,4.0
CUST_4498,2,4.0
CUST_4499,1,3.9
CUST_4500,4,3.9749999999999996
CUST_4501,3,3.8666666666666667
CUST_4502,6,4.016666666666667
CUST_4503,1,4.1
CUST_4504,5,4.140000000000001
CUST_4505,3,3.966666666666667
CUST_4506,4,4.05
CUST_4507,5,4.58
CUST_4508,2,4.25
CUST_4509,2,3.65
CUST_4510,3,4.3
CUST_4511,4,3.525
CUST_4512,1,3.8
CUST_4513,5,4.04
CUST_4514,4,3.6
CUST_4515,3,3.8333333333333335
CUST_4516,1,3.4
CUST_4517,3,3.6333333333333333
CUST_4518,1,3.2
CUST_4519,8,4.1375
CUST_4520,2,4.050000000000001
CUST_4521,1,3.7
CUST_4522,5,4.16
CUST_4523,3,3.4666666666666663
CUST_4524,6,3.983333333333333
CUST_4525,4,3.8000000000000003
CUST_4526,2,3.8499999999999996
CUST_4527,3,4.133333333333334
CUST_4528,1,4.3
CUST_4529,2,4.45
CUST_4530,4,3.725
CUST_4531,4,4.325
CUST_4532,7,4.2
CUST_4533,4,3.725
CUST_4534,2,3.1500000000000004
CUST_4535,2,4.35
CUST_4536,1,3.6
CUST_4537,2,3.75
CUST_4538,3,3.8666666666666667
CUST_4539,3,3.5
CUST_4540,1,3.6
CUST_4541,7,4.1571428571428575
CUST_4542,3,3.533333333333333
CUST_4543,3,3.866666666666667
CUST_4544,3,4.233333333333333
CUST_4545,4,3.775
CUST_4546,7,3.942857142857143
CUST_4547,4,3.9
CUST_4548,5,3.8
CUST_4549,2,3.5
CUST_4550,3,3.766666666666667
CUST_4551,5,4.0600000000000005
CUST_4552,2,3.9
CUST_4553,1,4.3
CUST_4554,3,4.533333333333333
CUST_4555,5,4.02
CUST_4556,1,4.2
CUST_4558,4,4.3
CUST_4559,7,3.642857142857143
CUST_4560,2,4.3
CUST_4562,6,3.8166666666666664
CUST_4563,3,4.233333333333333
CUST_4564,3,4.266666666666667
CUST_4565,4,3.925
CUST_4566,3,3.6666666666666665
CUST_4567,3,3.966666666666667
CUST_4568,8,3.75
CUST_4569,3,3.6666666666666665
CUST_4570,4,3.425
CUST_4571,4,4.125
CUST_4572,2,4.1
CUST_4573,2,3.6
CUST_4574,3,3.8000000000000003
CUST_4575,4,4.5
CUST_4576,1,3.4
CUST_4577,5,3.9799999999999995
CUST_4578,8,4.1875
CUST_4579,4,4.275
CUST_4580,4,4.05
CUST_4581,3,3.633333333333333
CUST_4582,2,4.1
CUST_4583,2,3.75
CUST_4584,5,3.8600000000000003
CUST_4585,7,3.8857142857142857
CUST_4586,4,3.475
CUST_4587,5,4.32
CUST_4588,6,4.033333333333334
CUST_4589,3,4.8
CUST_4590,5,3.78
CUST_4591,1,4.1
CUST_4592,2,3.8
CUST_4593,4,4.15
CUST_4594,4,3.55
CUST_4595,3,4.3999999999999995
CUST_4596,1,4.5
CUST_4597,2,3.75
CUST_4598,2,4.1
CUST_4599,2,3.6500000000000004
CUST_4600,4,3.8
CUST_4601,1,3.6
CUST_4602,5,3.96
CUST_4603,4,4.0
CUST_4604,1,3.9
CUST_4605,1,5.0
CUST_4606,1,4.0
CUST_4607,2,4.300000000000001
CUST_4608,3,3.5666666666666664
CUST_4609,5,4.3
CUST_4610,8,4.275
CUST_4611,3,4.333333333333333
CUST_4612,3,3.9
CUST_4613,7,3.642857142857143
CUST_4614,6,3.8666666666666667
CUST_4615,4,3.7
CUST_4616,5,4.16
CUST_4617,3,4.366666666666666
CUST_4618,1,3.4
CUST_4619,2,4.4
CUST_4620,1,4.3
CUST_4621,6,4.183333333333334
CUST_4622,1,4.3
CUST_4623,2,4.1
CUST_4624,1,3.6
CUST_4625,4,4.075
CUST_4626,5,3.94
CUST_4627,3,4.066666666666666
CUST_4628,1,4.3
CUST_4629,3,3.5666666666666664
CUST_4630,3,4.166666666666667
CUST_4631,2,3.8
CUST_4632,1,4.9
CUST_4633,7,3.7142857142857144
CUST_4634,3,4.233333333333333
CUST_4635,4,3.475
CUST_4636,2,4.15
CUST_4637,4,3.825
CUST_4638,4,4.175
CUST_4639,4,3.85
CUST_4640,4,3.8
CUST_4641,9,4.355555555555556
CUST_4642,3,3.9
CUST_4643,5,4.0200000000000005
CUST_4644,6,3.8666666666666667
CUST_4645,3,3.6333333333333333
CUST_4646,2,3.9
CUST_4647,2,3.55
CUST_4648,4,4.0
CUST_4649,3,3.733333333333333
CUST_4650,5,3.6
CUST_4651,4,4.175000000000001
CUST_4652,3,3.766666666666667
CUST_4653,1,4.1
CUST_4654,5,4.18
CUST_4656,1,4.7
CUST_4657,4,3.65
CUST_4658,3,3.6999999999999997
CUST_4659,3,4.133333333333333
CUST_4660,4,4.275
CUST_4661,2,4.0
CUST_4662,4,3.975
CUST_4663,2,4.25
CUST_4664,2,3.65
CUST_4665,1,4.4
CUST_4666,7,4.4714285714285715
CUST_4667,3,3.4333333333333336
CUST_4668,4,4.1
CUST_4669,2,3.75
CUST_4670,4,3.9000000000000004
CUST_4671,2,4.45
CUST_4672,2,4.5
CUST_4673,6,4.083333333333333
CUST_4674,2,3.3
CUST_4675,5,4.36
CUST_4676,1,3.2
CUST_4677,8,4.0
CUST_4678,7,3.8857142857142857
CUST_4679,4,4.425
CUST_4680,4,3.975
CUST_4681,4,4.325
CUST_4683,6,4.05
CUST_4684,4,4.5
CUST_4685,1,4.6
CUST_4686,3,3.466666666666667
CUST_4687,2,4.0
CUST_4688,3,3.3333333333333335
CUST_4689,1,3.3
CUST_4690,4,4.2
CUST_4691,1,3.5
CUST_4692,4,3.825
CUST_4693,1,4.5
CUST_4694,6,4.116666666666666
CUST_4695,7,3.6571428571428575
CUST_4696,4,3.9000000000000004
CUST_4697,5,3.96
CUST_4698,4,4.25
CUST_4699,2,4.4
CUST_4700,11,3.9181818181818184
CUST_4701,1,3.7
CUST_4702,2,4.15
CUST_4703,3,4.333333333333333
CUST_4704,1,3.9
CUST_4705,3,3.6
CUST_4706,4,4.15
CUST_4707,5,4.18
CUST_4708,4,4.225
CUST_4709,5,3.84
CUST_4710,2,3.35
CUST_4711,1,3.9
CUST_4712,2,4.1
CUST_4713,4,3.7
CUST_4714,6,3.9499999999999997
CUST_4715,5,3.5799999999999996
CUST_4716,4,4.2250000000000005
CUST_4717,2,3.3
CUST_4718,2,4.2
CUST_4719,2,4.300000000000001
CUST_4720,4,3.725
CUST_4721,5,3.7399999999999998
CUST_4723,1,3.5
CUST_4724,2,3.75
CUST_4725,5,3.6799999999999997
CUST_4726,3,3.766666666666666
CUST_4727,3,3.9333333333333336
CUST_4728,8,4.0125
CUST_4729,2,4.3
CUST_4730,2,4.0
CUST_4731,4,4.1
CUST_4732,4,3.95
CUST_4733,5,4.16
CUST_4734,7,4.271428571428571
CUST_4735,3,4.0
CUST_4736,1,4.8
CUST_4737,3,4.3
CUST_4738,3,4.033333333333333
CUST_4739,3,3.4
CUST_4740,2,3.3
CUST_4741,4,4.05
CUST_4742,2,4.15
CUST_4743,1,4.1
CUST_4744,3,4.233333333333333
CUST_4745,3,3.8000000000000003
CUST_4746,5,3.96
CUST_4747,5,3.9799999999999995
CUST_4748,3,4.133333333333334
CUST_4749,2,4.4
CUST_4750,5,4.08
CUST_4751,2,4.25
CUST_4752,2,3.4000000000000004
CUST_4753,5,3.8
CUST_4754,1,3.2
CUST_4755,4,4.175
CUST_4756,1,4.3
CUST_4757,7,4.1571428571428575
CUST_4758,1,4.7
CUST_4759,4,4.3500000000000005
CUST_4760,4,4.475
CUST_4761,1,3.4
CUST_4762,2,4.15
CUST_4763,2,4.35
CUST_4764,5,4.12
CUST_4765,5,4.1
CUST_4766,3,3.7000000000000006
CUST_4767,1,3.1
CUST_4768,5,3.9799999999999995
CUST_4769,3,4.233333333333333
CUST_4770,7,4.0
CUST_4771,2,4.45
CUST_4772,2,3.9
CUST_4773,2,3.55
CUST_4774,3,3.9333333333333336
CUST_4775,2,4.0
CUST_4776,4,4.175
CUST_4777,3,4.666666666666667
CUST_4778,4,4.125
CUST_4779,1,3.3
CUST_4780,1,3.2
CUST_4781,7,4.014285714285714
CUST_4782,3,4.666666666666667
CUST_4783,6,3.9166666666666665
CUST_4784,3,4.2
CUST_4785,1,3.8
CUST_4786,1,5.0
CUST_4787,3,3.5666666666666664
CUST_4788,2,4.0
CUST_4789,2,4.449999999999999
CUST_4790,4,4.325
CUST_4791,3,4.033333333333333
CUST_4792,3,3.9333333333333336
CUST_4793,4,4.35
CUST_4794,3,4.666666666666667
CUST_4795,3,3.6666666666666665
CUST_4796,5,3.78
CUST_4797,3,4.633333333333334
CUST_4798,5,3.88
CUST_4799,4,4.525
CUST_4800,1,5.0
CUST_4801,3,4.0
CUST_4802,6,3.533333333333333
CUST_4803,5,3.9200000000000004
CUST_4804,5,4.04
CUST_4805,2,3.45
CUST_4806,1,4.0
CUST_4807,2,3.5999999999999996
CUST_4808,3,3.8000000000000003
CUST_4809,2,3.4000000000000004
CUST_4810,6,3.6666666666666665
CUST_4811,8,3.8
CUST_4812,6,4.3999999999999995
CUST_4813,2,4.699999999999999
CUST_4814,4,4.125
CUST_4815,1,4.0
CUST_4816,1,3.3
CUST_4817,5,3.88
CUST_4818,2,4.1
CUST_4819,2,4.199999999999999
CUST_4820,3,4.633333333333334
CUST_4821,2,3.3
CUST_4822,3,4.133333333333334
CUST_4823,4,3.5
CUST_4824,3,3.6666666666666665
CUST_4825,2,3.5
CUST_4826,6,3.8833333333333333
CUST_4827,1,4.4
CUST_4828,2,3.7
CUST_4829,7,3.914285714285714
CUST_4830,4,3.775
CUST_4831,4,4.45
CUST_4833,2,4.35
CUST_4834,3,3.966666666666667
CUST_4835,1,4.1
CUST_4836,3,4.1
CUST_4837,2,4.5
CUST_4838,2,4.6
CUST_4839,2,4.15
CUST_4840,4,4.45
CUST_4841,5,4.04
CUST_4842,3,3.6333333333333333
CUST_4844,3,3.966666666666667
CUST_4845,8,3.9749999999999996
CUST_4846,5,3.8600000000000003
CUST_4847,6,3.85
CUST_4848,3,4.3
CUST_4849,2,3.7
CUST_4850,5,4.04
CUST_4851,3,4.066666666666666
CUST_4852,4,4.25
CUST_4853,4,3.85
CUST_4854,3,4.066666666666666
CUST_4855,3,3.966666666666667
CUST_4856,1,3.9
CUST_4857,2,4.05
CUST_4858,2,4.6
CUST_4859,1,4.7
CUST_4860,4,4.425000000000001
CUST_4861,2,3.9499999999999997
CUST_4862,2,4.9
CUST_4863,2,3.65
CUST_4864,1,4.4
CUST_4865,4,3.55
CUST_4866,3,3.6666666666666665
CUST_4867,2,3.55
CUST_4868,4,3.9499999999999997
CUST_4869,6,4.1499999999999995
CUST_4870,2,3.5999999999999996
CUST_4871,8,3.9625
CUST_4872,7,4.171428571428572
CUST_4873,4,4.425
CUST_4874,5,3.62
CUST_4875,2,4.3
CUST_4876,2,3.6500000000000004
CUST_4878,7,3.957142857142857
CUST_4879,3,3.966666666666667
CUST_4880,1,3.7
CUST_4881,2,3.4000000000000004
CUST_4882,4,4.225
CUST_4883,1,4.4
CUST_4884,2,4.25
CUST_4885,2,3.75
CUST_4886,3,3.9
CUST_4887,2,4.35
CUST_4888,1,3.2
CUST_4889,4,4.025
CUST_4890,3,4.066666666666666
CUST_4891,3,4.133333333333334
CUST_4892,4,3.6500000000000004
CUST_4893,5,4.3
CUST_4895,4,3.475
CUST_4896,2,4.1
CUST_4897,4,4.0
CUST_4898,3,3.5
CUST_4899,2,4.65
CUST_4900,3,3.8666666666666667
CUST_4901,2,4.15
CUST_4902,4,4.225
CUST_4903,5,4.12
CUST_4904,2,4.85
CUST_4905,2,4.15
CUST_4906,1,3.5
CUST_4907,2,3.15
CUST_4908,6,3.9333333333333336
CUST_4909,5,4.04
CUST_4910,2,4.25
CUST_4911,1,4.7
CUST_4912,5,3.94
CUST_4913,2,3.55
CUST_4914,1,4.2
CUST_4915,2,4.5
CUST_4916,3,4.0
CUST_4917,1,4.6
CUST_4918,3,3.8000000000000003
CUST_4919,5,4.0
CUST_4920,6,4.183333333333334
CUST_4921,4,3.775
CUST_4922,5,4.4
CUST_4923,2,4.3
CUST_4924,5,4.04
CUST_4925,3,3.3333333333333335
CUST_4926,2,3.9000000000000004
CUST_4927,3,4.466666666666667
CUST_4929,1,3.2
CUST_4930,1,3.7
CUST_4931,1,3.7
CUST_4932,3,4.5
CUST_4933,6,4.216666666666667
CUST_4934,3,4.0
CUST_4935,2,4.05
CUST_4936,2,4.45
CUST_4937,5,3.96
CUST_4938,7,4.057142857142857
CUST_4939,1,4.8
CUST_4940,6,4.3
CUST_4941,4,3.95
CUST_4942,1,3.6
CUST_4943,7,3.9285714285714284
CUST_4944,4,4.05
CUST_4945,1,3.6
CUST_4946,5,3.56
CUST_4947,1,3.6
CUST_4948,4,3.7
CUST_4949,2,4.2
CUST_4950,4,4.0
CUST_4951,4,3.75
CUST_4952,2,3.9
CUST_4953,1,3.2
CUST_4954,5,3.78
CUST_4955,7,3.8714285714285714
CUST_4956,1,3.7
CUST_4957,1,3.3
CUST_4958,1,4.6
CUST_4959,2,3.45
CUST_4960,4,3.6500000000000004
CUST_4961,2,3.8
CUST_4962,6,3.9333333333333336
CUST_4963,5,3.88
CUST_4964,5,4.08
CUST_4965,4,4.225
CUST_4966,2,3.4000000000000004
CUST_4967,2,3.55
CUST_4968,3,4.233333333333333
CUST_4969,5,4.26
CUST_4970,4,3.575
CUST_4971,2,4.35
CUST_4972,6,4.05
CUST_4973,5,4.12
CUST_4974,4,4.075
CUST_4975,3,4.266666666666667
CUST_4976,3,4.066666666666666
CUST_4977,4,3.7249999999999996
CUST_4978,2,4.65
CUST_4979,2,3.45
CUST_4980,3,3.966666666666667
CUST_4981,4,3.6
CUST_4982,6,3.9
CUST_4983,3,4.133333333333334
CUST_4984,2,3.7
CUST_4985,6,3.983333333333333
CUST_4986,3,3.6666666666666665
CUST_4987,3,4.2
CUST_4989,1,5.0
CUST_4990,4,4.175000000000001
CUST_4991,5,3.56
CUST_4992,7,3.6285714285714286
CUST_4993,2,4.45
CUST_4994,4,3.875
CUST_4995,5,3.94
CUST_4996,2,4.1
CUST_4997,3,3.6666666666666665
CUST_4998,4,3.975
CUST_4999,1,4.1
CUST_5000,2,4.4
CUST_5001,4,3.925
CUST_5002,7,3.914285714285714
CUST_5003,3,4.1000000000000005
CUST_5004,3,3.8000000000000003
CUST_5005,3,4.366666666666666
CUST_5006,8,3.75
CUST_5007,3,3.8000000000000003
CUST_5008,3,3.733333333333333
CUST_5009,8,4.2875
CUST_5010,1,3.9
CUST_5011,6,4.3
CUST_5012,5,4.5600000000000005
CUST_5013,2,3.2
CUST_5014,5,3.84
CUST_5015,4,4.225
CUST_5016,3,4.266666666666667
CUST_5017,2,4.449999999999999
CUST_5018,5,3.9799999999999995
CUST_5019,6,4.383333333333334
CUST_5020,3,3.9333333333333336
CUST_5021,2,3.75
CUST_5022,4,4.05
CUST_5023,4,4.45
CUST_5024,7,3.9714285714285715
CUST_5025,3,3.533333333333333
CUST_5026,4,4.2250000000000005
CUST_5027,2,3.4000000000000004
CUST_5028,7,4.385714285714286
CUST_5029,3,4.433333333333334
CUST_5030,4,4.2
CUST_5031,2,3.35
CUST_5032,4,4.375
CUST_5033,6,3.85
CUST_5034,4,4.05
CUST_5035,6,3.9333333333333336
CUST_5036,4,4.45
CUST_5037,3,4.1000000000000005
CUST_5038,3,4.033333333333333
CUST_5040,6,3.533333333333333
CUST_5041,1,4.8
CUST_5042,1,4.6
CUST_5043,3,3.3666666666666667
CUST_5044,1,4.0
CUST_5045,5,3.9400000000000004
CUST_5046,2,3.8
CUST_5047,4,4.25
CUST_5049,5,4.28
CUST_5050,2,3.9000000000000004
CUST_5051,3,4.166666666666667
CUST_5052,2,4.0
CUST_5053,5,4.220000000000001
CUST_5054,4,3.95
CUST_5055,6,4.033333333333333
CUST_5056,3,3.4333333333333336
CUST_5057,1,4.6
CUST_5059,3,3.6999999999999997
CUST_5060,4,4.324999999999999
CUST_5061,3,4.1000000000000005
CUST_5062,4,4.0
CUST_5063,1,3.6
CUST_5064,1,4.8
CUST_5065,4,3.825
CUST_5066,6,4.1499999999999995
CUST_5067,7,4.1571428571428575
CUST_5068,4,4.275
CUST_5071,1,4.0
CUST_5072,8,4.0125
CUST_5073,8,3.8375
CUST_5074,5,3.8200000000000003
CUST_5075,9,3.744444444444445
CUST_5076,3,4.533333333333333
CUST_5077,1,4.6
CUST_5078,4,4.75
CUST_5079,7,4.085714285714285
CUST_5080,4,4.074999999999999
CUST_5081,8,3.825
CUST_5082,4,3.95
CUST_5083,1,3.9
CUST_5084,1,3.1
CUST_5085,2,4.0
CUST_5086,2,3.4
CUST_5087,5,4.279999999999999
CUST_5088,2,3.9000000000000004
CUST_5089,2,4.35
CUST_5090,1,4.6
CUST_5091,3,3.766666666666667
CUST_5092,5,4.14
CUST_5093,5,4.18
CUST_5094,4,4.3
CUST_5095,5,4.04
CUST_5096,6,4.216666666666667
CUST_5097,4,4.075
CUST_5098,6,4.2
CUST_5099,2,4.5
CUST_5100,2,4.15
CUST_5101,1,3.2
CUST_5102,5,3.9800000000000004
CUST_5103,1,3.9
CUST_5104,4,3.925
CUST_5105,6,4.0
CUST_5106,3,4.166666666666667
CUST_5107,4,4.175
CUST_5108,1,3.6
CUST_5109,1,3.6
CUST_5110,1,3.6
CUST_5111,3,4.3
CUST_5112,1,4.0
CUST_5113,3,4.133333333333333
CUST_5114,2,4.1
CUST_5115,4,3.575
CUST_5116,5,4.34
CUST_5117,4,4.324999999999999
CUST_5118,5,3.6399999999999997
CUST_5119,4,4.175
CUST_5120,2,3.7
CUST_5121,1,3.2
CUST_5122,4,3.8
CUST_5123,4,3.7
CUST_5124,1,3.9
CUST_5125,3,4.266666666666667
CUST_5126,2,4.8
CUST_5127,5,4.5200000000000005
CUST_5128,5,3.88
CUST_5129,5,3.84
CUST_5130,3,3.5666666666666664
CUST_5131,3,4.766666666666667
CUST_5132,1,4.0
CUST_5133,4,4.1
CUST_5134,3,3.8666666666666667
CUST_5135,3,3.6
CUST_5136,2,3.6
CUST_5137,2,4.1
CUST_5138,2,3.1500000000000004
CUST_5139,3,3.5
CUST_5140,4,4.625
CUST_5141,2,4.1
CUST_5142,2,3.7
CUST_5143,3,3.9333333333333336
CUST_5144,3,4.166666666666667
CUST_5145,2,3.95
CUST_5146,3,3.6333333333333333
CUST_5147,2,4.0
CUST_5148,4,3.9749999999999996
CUST_5149,2,4.15
CUST_5150,4,4.2
CUST_5151,3,3.6
CUST_5152,3,3.9333333333333336
CUST_5153,3,3.733333333333333
CUST_5155,6,3.8833333333333333
CUST_5156,1,3.5
CUST_5157,6,4.0
CUST_5158,3,3.3333333333333335
CUST_5159,2,4.05
CUST_5160,1,3.7
CUST_5161,2,3.1500000000000004
CUST_5162,4,4.2
CUST_5163,2,4.55
CUST_5164,2,3.95
CUST_5165,1,4.0
CUST_5166,6,3.6333333333333333
CUST_5167,3,4.3999999999999995
CUST_5168,2,3.1500000000000004
CUST_5169,5,3.8
CUST_5170,4,4.0
CUST_5171,1,4.0
CUST_5172,1,3.8
CUST_5173,6,4.316666666666666
CUST_5174,5,4.2
CUST_5175,1,4.6
CUST_5176,5,4.36
CUST_5177,3,4.033333333333333
CUST_5178,2,3.65
CUST_5179,2,4.75
CUST_5180,5,4.06
CUST_5181,1,3.8
CUST_5182,6,3.716666666666667
CUST_5183,5,4.08
CUST_5184,1,3.5
CUST_5185,3,4.066666666666666
CUST_5186,4,4.1
CUST_5187,2,3.85
CUST_5188,1,3.1
CUST_5189,3,4.133333333333334
CUST_5190,4,4.15
CUST_5191,4,3.875
CUST_5192,1,4.6
CUST_5193,5,3.62
CUST_5194,4,3.925
CUST_5195,2,4.35
CUST_5198,5,3.9799999999999995
CUST_5200,2,4.25
CUST_5201,6,3.966666666666667
CUST_5202,1,3.6
CUST_5203,2,3.4
CUST_5205,3,4.033333333333333
CUST_5206,1,3.5
CUST_5207,2,4.35
CUST_5208,3,4.0
CUST_5209,3,4.533333333333333
CUST_5210,2,3.5999999999999996
CUST_5212,2,4.05
CUST_5213,3,4.233333333333333
CUST_5214,2,3.75
CUST_5215,3,3.8000000000000003
CUST_5216,8,3.8125
CUST_5217,3,3.466666666666667
CUST_5219,1,4.3
CUST_5220,2,3.85
CUST_5221,3,4.266666666666667
CUST_5222,3,4.533333333333333
CUST_5223,3,3.5
CUST_5224,7,3.7285714285714286
CUST_5225,5,3.66
CUST_5226,1,3.2
CUST_5227,5,3.7
CUST_5228,2,3.25
CUST_5229,1,4.0
CUST_5230,7,4.0285714285714285
CUST_5231,5,4.0
CUST_5232,3,4.233333333333333
CUST_5233,3,4.166666666666667
CUST_5234,2,3.6
CUST_5235,1,4.5
CUST_5236,2,3.4
CUST_5237,10,4.26
CUST_5238,2,4.1
CUST_5239,2,3.6
CUST_5240,3,4.2
CUST_5241,2,3.8
CUST_5242,1,4.7
CUST_5243,4,3.925
CUST_5244,5,4.04
CUST_5245,2,3.7
CUST_5246,3,4.033333333333333
CUST_5247,2,3.95
CUST_5248,1,3.7
CUST_5249,4,4.1
CUST_5250,4,4.05
CUST_5251,4,3.775
CUST_5252,9,3.855555555555556
CUST_5253,6,3.9166666666666665
CUST_5254,7,3.9
CUST_5255,3,4.1000000000000005
CUST_5256,5,3.54
CUST_5257,1,3.9
CUST_5258,1,3.4
CUST_5259,4,4.75
CUST_5260,3,4.3
CUST_5261,3,4.333333333333333
CUST_5262,5,4.26
CUST_5263,5,3.9200000000000004
CUST_5264,4,3.6999999999999997
CUST_5265,2,5.0
CUST_5266,2,4.300000000000001
CUST_5267,3,3.9333333333333336
CUST_5268,1,4.8
CUST_5269,3,4.233333333333333
CUST_5270,4,4.300000000000001
CUST_5271,6,4.383333333333334
CUST_5272,6,4.033333333333333
CUST_5273,4,4.175
CUST_5274,1,4.6
CUST_5275,3,3.5666666666666664
CUST_5276,6,3.733333333333333
CUST_5277,5,3.88
CUST_5278,7,4.371428571428571
CUST_5279,3,4.0
CUST_5280,3,3.4666666666666663
CUST_5281,2,3.4
CUST_5282,1,3.3
CUST_5284,2,4.5
CUST_5285,4,3.925
CUST_5286,5,4.08
CUST_5287,4,4.05
CUST_5288,2,4.8
CUST_5289,5,3.46
CUST_5290,3,3.8000000000000003
CUST_5291,4,3.875
CUST_5292,4,4.175
CUST_5293,1,4.0
CUST_5294,3,4.066666666666666
CUST_5295,4,4.05
CUST_5296,2,3.55
CUST_5297,2,4.550000000000001
CUST_5298,3,4.0
CUST_5299,5,3.8
CUST_5300,6,4.55
CUST_5301,2,4.85
CUST_5302,2,4.2
CUST_5303,6,4.316666666666666
CUST_5304,3,3.766666666666667
CUST_5305,6,3.6666666666666665
CUST_5306,6,4.2
CUST_5307,1,3.6
CUST_5308,4,3.375
CUST_5309,3,4.133333333333334
CUST_5310,4,4.225
CUST_5311,1,4.2
CUST_5312,2,4.0
CUST_5313,5,4.32
CUST_5314,4,3.85
CUST_5315,8,3.9
CUST_5316,1,4.7
CUST_5317,4,3.95
CUST_5318,4,4.1
CUST_5319,3,4.033333333333333
CUST_5320,5,3.88
CUST_5321,2,3.95
CUST_5322,5,3.9
CUST_5323,3,4.566666666666666
CUST_5325,2,3.5
CUST_5326,2,3.65
CUST_5327,4,4.15
CUST_5328,5,3.56
CUST_5329,3,4.033333333333333
CUST_5330,3,4.6000000000000005
CUST_5331,3,3.8666666666666667
CUST_5332,2,4.25
CUST_5333,10,4.0600000000000005
CUST_5334,3,4.066666666666666
CUST_5335,2,4.15
CUST_5336,4,4.2
CUST_5337,2,4.05
CUST_5338,5,3.88
CUST_5339,1,4.1
CUST_5340,2,4.15
CUST_5341,4,4.05
CUST_5342,5,4.220000000000001
CUST_5343,1,3.4
CUST_5344,3,3.733333333333333
CUST_5345,4,3.8249999999999997
CUST_5346,5,3.8200000000000003
CUST_5347,4,3.55
CUST_5348,2,4.4
CUST_5349,1,3.5
CUST_5350,3,4.033333333333333
CUST_5351,4,3.875
CUST_5352,5,4.04
CUST_5353,2,3.45
CUST_5354,4,3.85
CUST_5355,2,3.6999999999999997
CUST_5356,5,4.18
CUST_5357,1,4.9
CUST_5358,5,3.6799999999999997
CUST_5359,1,4.9
CUST_5360,4,4.0
CUST_5361,3,4.533333333333334
CUST_5362,3,3.9666666666666663
CUST_5364,2,4.0
CUST_5365,1,3.4
CUST_5366,2,3.8499999999999996
CUST_5367,2,4.25
CUST_5368,3,3.9
CUST_5369,2,4.35
CUST_5370,6,3.8166666666666664
CUST_5371,2,3.5
CUST_5372,2,3.75
CUST_5373,2,4.7
CUST_5374,7,3.914285714285714
CUST_5375,7,3.8428571428571425
CUST_5376,2,4.3
CUST_5377,2,4.05
CUST_5378,2,4.0
CUST_5379,7,4.242857142857143
CUST_5380,3,4.2
CUST_5381,1,4.4
CUST_5382,5,4.26
CUST_5383,2,3.9000000000000004
CUST_5384,3,4.6000000000000005
CUST_5385,6,3.85
CUST_5386,4,4.15
CUST_5387,4,4.375
CUST_5388,1,3.5
CUST_5389,5,4.04
CUST_5390,3,4.166666666666667
CUST_5391,4,4.2
CUST_5392,1,4.9
CUST_5393,1,3.2
CUST_5394,4,3.7
CUST_5395,3,4.066666666666666
CUST_5396,5,4.0600000000000005
CUST_5397,5,3.6
CUST_5398,3,3.6999999999999997
CUST_5399,4,4.55
CUST_5400,4,3.9
CUST_5401,5,4.2
CUST_5402,3,4.2
CUST_5403,4,4.025
CUST_5404,2,3.9000000000000004
CUST_5405,2,4.35
CUST_5406,1,4.5
CUST_5407,4,4.775
CUST_5408,5,3.72
CUST_5409,6,4.116666666666666
CUST_5410,3,4.8999999999999995
CUST_5411,5,4.0
CUST_5412,6,3.766666666666667
CUST_5413,6,3.766666666666666
CUST_5414,3,3.9333333333333336
CUST_5415,2,4.2
CUST_5416,2,3.95
CUST_5417,6,3.733333333333333
CUST_5418,2,4.05
CUST_5419,4,3.8
CUST_5420,1,4.9
CUST_5421,3,4.066666666666666
CUST_5422,5,4.0600000000000005
CUST_5423,2,3.55
CUST_5424,2,3.95
CUST_5425,4,3.85
CUST_5426,3,4.733333333333333
CUST_5427,3,4.3
CUST_5428,4,4.074999999999999
CUST_5429,4,3.85
CUST_5430,4,4.275
CUST_5431,1,3.1
CUST_5432,2,4.4
CUST_5433,1,4.9
CUST_5434,1,3.2
CUST_5435,5,3.84
CUST_5436,1,3.6
CUST_5437,3,3.766666666666667
CUST_5438,4,3.5
CUST_5439,4,4.1
CUST_5440,3,3.4
CUST_5441,6,4.333333333333333
CUST_5442,1,4.0
CUST_5444,5,4.26
CUST_5445,1,3.9
CUST_5446,2,3.7
CUST_5447,4,3.25
CUST_5448,3,3.966666666666667
CUST_5449,4,3.5
CUST_5450,3,3.9
CUST_5451,4,4.225
CUST_5452,1,3.9
CUST_5453,3,3.4333333333333336
CUST_5454,5,3.7399999999999998
CUST_5455,5,3.72
CUST_5456,3,4.0
CUST_5458,7,3.8857142857142857
CUST_5459,3,3.9333333333333336
CUST_5460,1,4.2
CUST_5461,4,4.45
CUST_5462,2,3.45
CUST_5463,2,3.95
CUST_5465,2,3.8499999999999996
CUST_5466,6,3.933333333333333
CUST_5467,3,3.9333333333333336
CUST_5468,4,3.95
CUST_5469,3,3.6333333333333333
CUST_5470,4,4.3
CUST_5471,3,4.133333333333333
CUST_5472,2,4.4
CUST_5473,4,3.625
CUST_5475,3,4.033333333333334
CUST_5476,4,4.375
CUST_5477,3,3.8333333333333335
CUST_5478,7,3.9857142857142853
CUST_5479,2,4.85
CUST_5480,6,3.716666666666667
CUST_5481,3,3.633333333333333
CUST_5482,2,3.55
CUST_5483,5,4.18
CUST_5484,1,4.6
CUST_5485,4,4.125
CUST_5486,3,3.5666666666666664
CUST_5487,6,4.016666666666667
CUST_5488,5,3.84
CUST_5489,3,4.033333333333333
CUST_5490,2,4.15
CUST_5491,3,3.5666666666666664
CUST_5492,2,3.3499999999999996
CUST_5493,4,3.775
CUST_5494,4,3.625
CUST_5495,1,3.5
CUST_5496,6,4.033333333333334
CUST_5497,1,4.9
CUST_5498,5,4.18
CUST_5499,2,4.45
CUST_5500,4,4.2
CUST_5501,6,4.316666666666666
CUST_5502,2,3.5
CUST_5503,4,3.375
CUST_5504,3,3.6999999999999997
CUST_5505,4,3.7249999999999996
CUST_5506,4,4.25
CUST_5507,3,3.8333333333333335
CUST_5508,2,4.05
CUST_5509,5,3.7
CUST_5510,3,3.8333333333333335
CUST_5511,1,3.3
CUST_5512,6,3.766666666666666
CUST_5513,3,3.733333333333333
CUST_5514,3,4.366666666666666
CUST_5515,3,4.5
CUST_5516,2,3.6999999999999997
CUST_5518,6,4.0
CUST_5519,3,3.9333333333333336
CUST_5520,5,4.220000000000001
CUST_5521,6,3.983333333333333
CUST_5522,4,4.15
CUST_5523,5,3.9599999999999995
CUST_5524,4,3.95
CUST_5525,4,4.125
CUST_5526,4,4.325
CUST_5527,3,3.9666666666666663
CUST_5528,4,3.65
CUST_5529,5,4.220000000000001
CUST_5530,4,3.825
CUST_5532,2,3.35
CUST_5533,5,3.62
CUST_5534,1,4.9
CUST_5535,2,4.25
CUST_5536,3,4.366666666666666
CUST_5537,2,3.65
CUST_5538,1,4.7
CUST_5539,5,4.4399999999999995
CUST_5540,1,4.9
CUST_5541,4,4.25
CUST_5542,5,4.32
CUST_5543,5,4.140000000000001
CUST_5544,6,4.116666666666666
CUST_5545,3,3.8000000000000003
CUST_5546,3,3.966666666666667
CUST_5547,2,3.2
CUST_5549,4,3.975
CUST_5550,6,4.166666666666667
CUST_5551,3,4.166666666666667
CUST_5552,7,3.7285714285714286
CUST_5553,4,3.65
CUST_5554,6,4.366666666666666
CUST_5555,2,4.25
CUST_5556,4,4.1
CUST_5557,4,4.05
CUST_5558,7,4.042857142857143
CUST_5559,3,4.6000000000000005
CUST_5560,3,3.4
CUST_5561,3,3.466666666666667
CUST_5562,6,4.083333333333333
CUST_5563,8,3.7625
CUST_5564,3,4.266666666666667
CUST_5565,6,3.8666666666666667
CUST_5566,3,3.9333333333333336
CUST_5567,1,3.6
CUST_5568,1,3.6
CUST_5569,5,4.34
CUST_5570,4,4.1
CUST_5571,2,4.1
CUST_5572,2,3.5999999999999996
CUST_5573,4,4.275
CUST_5574,2,4.25
CUST_5575,2,3.95
CUST_5576,5,4.46
CUST_5577,1,4.7
CUST_5578,6,3.5500000000000003
CUST_5579,5,4.1
CUST_5580,1,3.8
CUST_5581,5,4.4399999999999995
CUST_5582,2,4.6
CUST_5583,4,4.05
CUST_5584,5,3.9
CUST_5585,1,3.1
CUST_5586,4,4.075
CUST_5587,3,3.6999999999999997
CUST_5588,1,3.5
CUST_5589,2,3.3
CUST_5590,7,3.914285714285714
CUST_5591,2,3.1500000000000004
CUST_5592,3,3.9333333333333336
CUST_5593,7,4.0285714285714285
CUST_5594,3,3.966666666666667
CUST_5595,1,3.6
CUST_5596,4,4.05
CUST_5597,4,3.8249999999999997
CUST_5598,4,4.025
CUST_5599,2,3.35
CUST_5600,6,3.733333333333334
CUST_5601,4,3.3
CUST_5602,5,3.8400000000000007
CUST_5603,3,3.9333333333333336
CUST_5604,1,4.8
CUST_5605,2,3.6999999999999997
CUST_5606,2,4.4
CUST_5607,2,3.9
CUST_5608,1,3.8
CUST_5609,2,3.6
CUST_5610,6,3.8000000000000003
CUST_5611,2,4.45
CUST_5612,5,4.0
CUST_5613,2,4.0
CUST_5614,2,3.4000000000000004
CUST_5615,3,4.033333333333333
CUST_5616,6,3.766666666666667
CUST_5617,7,3.8428571428571425
CUST_5618,1,4.3
CUST_5619,1,3.1
CUST_5620,3,3.8666666666666667
CUST_5621,5,3.7399999999999998
CUST_5622,2,3.2
CUST_5623,4,3.95
CUST_5624,2,3.5
CUST_5625,4,3.9000000000000004
CUST_5626,2,4.4
CUST_5627,5,4.0
CUST_5628,3,3.5666666666666664
CUST_5629,1,4.7
CUST_5630,3,3.266666666666667
CUST_5631,2,3.8
CUST_5632,3,4.0
CUST_5633,3,4.2
CUST_5634,2,4.35
CUST_5635,4,3.45
CUST_5636,5,4.0600000000000005
CUST_5637,4,3.85
CUST_5638,4,3.575
CUST_5639,2,4.75
CUST_5640,3,4.166666666666667
CUST_5641,5,3.88
CUST_5642,2,4.1
CUST_5643,7,4.1
CUST_5644,3,4.066666666666666
CUST_5645,1,4.3
CUST_5646,4,3.775
CUST_5647,4,3.675
CUST_5648,3,4.166666666666667
CUST_5649,2,4.35
CUST_5650,1,3.2
CUST_5651,4,3.925
CUST_5652,2,4.25
CUST_5653,3,4.366666666666666
CUST_5654,5,4.3
CUST_5655,3,3.1666666666666665
CUST_5656,5,4.12
CUST_5657,3,3.9000000000000004
CUST_5658,3,4.133333333333334
CUST_5659,5,4.3
CUST_5660,5,4.0
CUST_5661,5,4.0600000000000005
CUST_5662,1,3.8
CUST_5663,2,4.05
CUST_5664,3,4.266666666666667
CUST_5665,2,4.0
CUST_5666,4,3.55
CUST_5667,4,3.85
CUST_5668,6,3.75
CUST_5669,3,3.966666666666667
CUST_5670,8,4.125
CUST_5671,2,4.15
CUST_5672,1,4.2
CUST_5673,6,3.6166666666666667
CUST_5674,2,3.9
CUST_5675,4,4.1
CUST_5676,4,3.475
CUST_5677,2,3.1500000000000004
CUST_5678,3,4.633333333333333
CUST_5680,2,4.15
CUST_5681,3,4.066666666666666
CUST_5682,1,3.1
CUST_5683,5,3.8600000000000003
CUST_5684,3,4.133333333333333
CUST_5685,1,5.0
CUST_5686,3,3.6
CUST_5687,3,3.8000000000000003
CUST_5689,1,4.1
CUST_5690,2,4.2
CUST_5692,1,3.6
CUST_5693,5,4.04
CUST_5694,2,4.35
CUST_5695,6,3.6166666666666667
CUST_5696,3,3.9333333333333336
CUST_5697,2,4.35
CUST_5698,4,3.425
CUST_5699,8,4.05
CUST_5700,4,4.25
CUST_5701,2,3.35
CUST_5702,3,3.766666666666666
CUST_5703,5,4.26
CUST_5705,5,4.14
CUST_5706,4,4.15
CUST_5707,2,4.449999999999999
CUST_5708,2,3.55
CUST_5709,4,3.875
CUST_5710,3,3.8666666666666667
CUST_5711,2,3.2
CUST_5712,5,4.34
CUST_5713,6,3.9499999999999997
CUST_5714,2,3.8
CUST_5715,5,4.14
CUST_5716,2,3.8000000000000003
CUST_5717,5,3.4799999999999995
CUST_5718,6,4.033333333333333
CUST_5719,5,3.4
CUST_5720,3,4.1000000000000005
CUST_5722,3,3.266666666666667
CUST_5723,4,3.75
CUST_5724,2,4.65
CUST_5725,3,4.6000000000000005
CUST_5726,3,4.0
CUST_5727,5,4.220000000000001
CUST_5728,5,3.62
CUST_5729,3,3.6
CUST_5731,5,3.8
CUST_5732,1,3.5
CUST_5733,1,4.7
CUST_5734,6,4.033333333333333
CUST_5735,2,3.75
CUST_5736,3,4.2
CUST_5737,2,4.45
CUST_5738,2,3.8499999999999996
CUST_5739,7,4.242857142857143
CUST_5740,6,4.05
CUST_5741,2,3.75
CUST_5742,6,4.516666666666667
CUST_5743,3,4.1000000000000005
CUST_5744,3,4.433333333333334
CUST_5745,6,4.1499999999999995
CUST_5746,1,4.6
CUST_5747,4,3.7249999999999996
CUST_5748,5,4.08
CUST_5749,6,4.2
CUST_5750,2,4.55
CUST_5751,3,3.9333333333333336
CUST_5752,4,3.875
CUST_5753,2,4.15
CUST_5754,8,4.0249999999999995
CUST_5755,1,4.9
CUST_5756,1,3.2
CUST_5757,4,3.5250000000000004
CUST_5758,2,4.050000000000001
CUST_5759,3,3.8666666666666667
CUST_5760,4,3.675
CUST_5761,4,4.225
CUST_5762,5,4.08
CUST_5763,1,3.4
CUST_5764,5,3.5200000000000005
CUST_5765,3,3.9666666666666663
CUST_5766,2,4.050000000000001
CUST_5767,2,3.9
CUST_5768,2,3.2
CUST_5769,6,3.966666666666667
CUST_5770,2,4.5
CUST_5771,4,4.65
CUST_5772,2,4.4
CUST_5773,4,3.825
CUST_5774,5,3.8600000000000003
CUST_5775,4,3.925
CUST_5776,1,3.9
CUST_5777,3,3.6666666666666665
CUST_5778,3,3.8333333333333335
CUST_5779,1,4.9
CUST_5780,4,4.15
CUST_5781,6,4.183333333333334
CUST_5782,3,4.266666666666667
CUST_5783,3,4.066666666666666
CUST_5784,2,3.75
CUST_5785,1,3.5
CUST_5786,6,4.1499999999999995
CUST_5787,1,4.9
CUST_5788,3,3.6999999999999997
CUST_5789,5,4.14
CUST_5790,2,3.6
CUST_5791,1,3.9
CUST_5792,5,4.0
CUST_5793,1,4.4
CUST_5794,3,3.9666666666666663
CUST_5795,6,3.75
CUST_5796,2,4.25
CUST_5797,4,3.95
CUST_5798,1,4.5
CUST_5799,4,3.925
CUST_5800,2,3.1
CUST_5801,4,4.475
CUST_5802,3,3.733333333333333
CUST_5803,4,3.725
CUST_5804,1,3.9
CUST_5805,1,4.8
CUST_5806,6,4.45
CUST_5807,6,3.6666666666666665
CUST_5808,4,3.925
CUST_5809,3,4.566666666666667
CUST_5810,2,3.4000000000000004
CUST_5811,4,4.175
CUST_5812,2,4.15
CUST_5813,4,4.025
CUST_5814,2,3.8
CUST_5815,3,4.0
CUST_5816,5,4.0200000000000005
CUST_5817,5,3.9
CUST_5818,1,3.1
CUST_5819,6,4.45
CUST_5820,4,3.95
CUST_5821,1,4.6
CUST_5822,1,4.6
CUST_5823,4,4.075
CUST_5825,6,4.116666666666666
CUST_5826,2,3.8000000000000003
CUST_5827,2,4.15
CUST_5828,3,3.8333333333333335
CUST_5829,1,4.3
CUST_5830,2,3.7
CUST_5831,7,4.128571428571428
CUST_5832,4,3.7750000000000004
CUST_5833,5,3.8200000000000003
CUST_5834,1,4.3
CUST_5835,6,3.9333333333333336
CUST_5836,3,3.3000000000000003
CUST_5837,5,4.26
CUST_5838,2,4.0
CUST_5839,2,4.45
CUST_5840,3,3.9
CUST_5841,5,3.78
CUST_5842,4,4.3
CUST_5843,6,3.5666666666666664
CUST_5844,4,3.6500000000000004
CUST_5845,3,3.8333333333333335
CUST_5846,6,3.8166666666666664
CUST_5847,2,4.449999999999999
CUST_5848,1,4.1
CUST_5849,4,4.2
CUST_5850,4,3.275
CUST_5851,2,4.15
CUST_5852,2,3.7
CUST_5853,4,3.925
CUST_5854,1,3.9
CUST_5855,3,3.6333333333333333
CUST_5856,2,3.6500000000000004
CUST_5857,2,4.1
CUST_5858,2,3.6
CUST_5859,4,3.9
CUST_5860,2,4.0
CUST_5861,5,4.34
CUST_5862,3,4.2
CUST_5863,5,4.46
CUST_5864,4,4.075
CUST_5867,1,4.8
CUST_5868,3,3.9
CUST_5869,1,4.6
CUST_5871,4,4.35
CUST_5872,3,3.5
CUST_5873,4,3.95
CUST_5874,4,4.125
CUST_5875,4,4.15
CUST_5876,3,4.033333333333333
CUST_5877,2,3.95
CUST_5878,2,3.5999999999999996
CUST_5879,3,3.733333333333333
CUST_5880,2,4.15
CUST_5881,4,3.975
CUST_5882,3,3.6666666666666665
CUST_5883,4,4.475
CUST_5884,1,4.0
CUST_5885,5,3.96
CUST_5886,3,4.1000000000000005
CUST_5887,2,4.05
CUST_5888,8,4.225
CUST_5889,7,4.0
CUST_5890,4,3.475
CUST_5891,6,4.083333333333333
CUST_5892,3,3.8333333333333335
CUST_5893,1,3.1
CUST_5894,3,3.9
CUST_5895,4,4.625
CUST_5896,5,3.46
CUST_5897,5,4.36
CUST_5899,1,3.1
CUST_5900,4,4.5
CUST_5901,6,3.966666666666667
CUST_5902,6,3.966666666666667
CUST_5903,4,3.8
CUST_5904,2,4.0
CUST_5905,1,4.9
CUST_5906,2,3.35
CUST_5907,5,4.38
CUST_5908,4,4.175
CUST_5909,4,4.35
CUST_5910,4,3.9
CUST_5911,4,3.925
CUST_5912,5,3.54
CUST_5913,9,3.8000000000000003
CUST_5914,4,4.1
CUST_5915,4,3.7
CUST_5916,7,3.7857142857142856
CUST_5917,2,4.1
CUST_5918,8,4.2625
CUST_5919,8,4.1125
CUST_5920,8,4.275
CUST_5921,5,3.62
CUST_5922,4,4.2
CUST_5923,4,3.9
CUST_5924,4,4.25
CUST_5925,3,4.2
CUST_5926,3,3.5666666666666664
CUST_5927,3,3.9333333333333336
CUST_5929,4,4.175
CUST_5930,3,4.233333333333333
CUST_5931,2,3.45
CUST_5932,2,4.45
CUST_5933,8,3.775
CUST_5934,7,3.942857142857143
CUST_5935,1,4.8
CUST_5936,3,3.966666666666667
CUST_5937,6,3.8666666666666667
CUST_5938,3,3.6666666666666665
CUST_5939,6,4.166666666666667
CUST_5940,5,4.1
CUST_5941,2,4.25
CUST_5942,3,3.6666666666666665
CUST_5943,1,3.8
CUST_5944,3,4.233333333333333
CUST_5945,3,4.3999999999999995
CUST_5946,2,4.25
CUST_5947,6,3.9499999999999997
CUST_5948,4,4.2
CUST_5949,8,4.2625
CUST_5950,2,4.1
CUST_5951,4,3.525
CUST_5952,5,3.78
CUST_5953,3,4.066666666666666
CUST_5954,1,5.0
CUST_5955,3,4.133333333333334
CUST_5956,6,4.0
CUST_5957,2,4.75
CUST_5958,2,4.4
CUST_5959,8,3.675
CUST_5960,5,4.42
CUST_5961,5,4.64
CUST_5962,2,3.7
CUST_5963,6,3.85
CUST_5964,3,4.1
CUST_5965,4,3.9
CUST_5966,1,3.4
CUST_5967,6,4.233333333333333
CUST_5968,4,4.375
CUST_5969,2,4.5
CUST_5970,2,3.55
CUST_5971,6,4.233333333333333
CUST_5972,3,3.5
CUST_5973,4,3.9749999999999996
CUST_5974,3,3.5
CUST_5975,2,3.55
CUST_5976,1,3.5
CUST_5977,3,4.466666666666667
CUST_5978,2,4.25
CUST_5979,6,4.266666666666667
CUST_5980,1,3.6
CUST_5981,6,4.033333333333333
CUST_5982,4,4.175
CUST_5983,2,4.1
CUST_5984,3,4.433333333333334
CUST_5985,5,3.94
CUST_5986,4,3.8
CUST_5987,3,3.6999999999999997
CUST_5989,4,4.5
CUST_5990,3,4.733333333333333
CUST_5991,6,4.1499999999999995
CUST_5992,5,3.9200000000000004
CUST_5993,1,4.6
CUST_5994,4,4.25
CUST_5995,4,3.8
CUST_5996,2,4.5
CUST_5997,1,4.7
CUST_5998,5,4.0
CUST_5999,5,3.7
CUST_6000,2,3.7
CUST_6001,1,4.3
CUST_6002,3,4.166666666666667
CUST_6003,3,4.633333333333334
CUST_6004,5,3.88
CUST_6005,3,4.033333333333333
CUST_6006,7,3.4857142857142853
CUST_6007,3,4.433333333333334
CUST_6008,2,3.8
CUST_6009,3,3.6999999999999997
CUST_6010,2,4.4
CUST_6011,3,4.3999999999999995
CUST_6012,2,4.0
CUST_6013,1,4.2
CUST_6014,5,3.54
CUST_6015,2,4.05
CUST_6016,5,3.8600000000000003
CUST_6017,3,3.466666666666667
CUST_6018,1,3.5
CUST_6019,4,3.85
CUST_6020,3,3.8333333333333335
CUST_6021,2,4.55
CUST_6022,2,3.8499999999999996
CUST_6023,3,3.9333333333333336
CUST_6024,3,3.6
CUST_6025,3,4.0
CUST_6026,5,4.1
CUST_6027,2,4.4
CUST_6028,4,3.65
CUST_6029,2,4.4
CUST_6030,1,4.3
CUST_6031,3,4.266666666666667
CUST_6032,2,4.15
CUST_6033,3,3.9333333333333336
CUST_6034,3,3.6333333333333333
CUST_6035,2,3.5
CUST_6036,6,3.483333333333333
CUST_6037,1,3.1
CUST_6038,5,4.0
CUST_6039,5,3.66
CUST_6040,5,4.220000000000001
CUST_6041,3,4.2
CUST_6042,2,4.199999999999999
CUST_6043,2,3.9000000000000004
CUST_6044,1,3.3
CUST_6045,2,3.05
CUST_6046,5,3.6399999999999997
CUST_6047,7,3.914285714285714
CUST_6048,2,4.25
CUST_6049,2,4.15
CUST_6050,4,3.7
CUST_6051,4,4.125
CUST_6052,3,3.3333333333333335
CUST_6053,3,3.6999999999999997
CUST_6054,5,4.14
CUST_6055,4,3.6750000000000003
CUST_6056,1,4.5
CUST_6057,1,3.8
CUST_6058,3,4.3999999999999995
CUST_6059,1,4.9
CUST_6060,4,3.9250000000000003
CUST_6061,3,4.233333333333333
CUST_6062,4,4.125
CUST_6063,2,3.55
CUST_6064,3,3.8000000000000003
CUST_6065,2,4.199999999999999
CUST_6067,9,3.7777777777777777
CUST_6068,2,4.800000000000001
CUST_6069,1,3.8
CUST_6070,4,3.775
CUST_6071,4,4.15
CUST_6072,5,3.9799999999999995
CUST_6073,2,3.75
CUST_6074,6,3.9333333333333336
CUST_6075,6,4.083333333333333
CUST_6076,3,4.333333333333333
CUST_6077,3,4.133333333333333
CUST_6078,2,4.0
CUST_6079,2,3.45
CUST_6080,4,3.95
CUST_6081,4,4.4
CUST_6082,3,3.6666666666666665
CUST_6083,2,4.65
CUST_6084,3,4.033333333333333
CUST_6085,7,3.9285714285714284
CUST_6086,1,4.1
CUST_6087,5,3.94
CUST_6088,1,3.2
CUST_6089,3,4.0
CUST_6090,2,3.5999999999999996
CUST_6091,6,3.8333333333333335
CUST_6092,3,3.866666666666667
CUST_6093,3,3.733333333333333
CUST_6094,2,4.2
CUST_6095,5,4.32
CUST_6096,4,4.05
CUST_6097,3,4.6000000000000005
CUST_6098,5,4.159999999999999
CUST_6099,1,4.5
CUST_6101,2,3.55
CUST_6102,2,4.5
CUST_6103,4,3.6
CUST_6104,5,4.1
CUST_6105,5,3.62
CUST_6106,4,3.85
CUST_6107,5,4.46
CUST_6108,2,4.25
CUST_6109,2,4.55
CUST_6110,2,4.9
CUST_6111,4,3.925
CUST_6112,4,3.825
CUST_6113,3,3.733333333333334
CUST_6114,3,3.3666666666666667
CUST_6115,3,4.1000000000000005
CUST_6116,1,4.8
CUST_6117,1,3.1
CUST_6118,3,3.966666666666667
CUST_6119,5,4.24
CUST_6120,4,4.25
CUST_6121,2,4.3
CUST_6122,5,4.0200000000000005
CUST_6123,3,3.8666666666666667
CUST_6125,2,4.4
CUST_6126,4,4.675
CUST_6127,3,3.6666666666666665
CUST_6128,3,4.633333333333334
CUST_6129,7,4.171428571428572
CUST_6130,2,4.300000000000001
CUST_6131,10,4.12
CUST_6132,4,4.2
CUST_6133,3,4.3999999999999995
CUST_6134,6,3.966666666666667
CUST_6135,4,3.775
CUST_6136,2,3.1500000000000004
CUST_6137,5,4.0
CUST_6138,4,4.175
CUST_6139,6,3.883333333333333
CUST_6140,3,3.8333333333333335
CUST_6141,3,3.6666666666666665
CUST_6142,3,3.6
CUST_6143,9,3.822222222222222
CUST_6144,2,3.9
CUST_6145,4,4.4
CUST_6146,4,4.4
CUST_6147,4,3.75
CUST_6148,3,4.433333333333334
CUST_6149,4,3.7249999999999996
CUST_6150,5,4.26
CUST_6151,4,3.525
CUST_6152,6,3.8000000000000003
CUST_6153,3,4.366666666666666
CUST_6154,2,4.35
CUST_6155,1,4.2
CUST_6156,4,3.575
CUST_6157,4,3.95
CUST_6158,2,4.1
CUST_6159,4,4.175
CUST_6160,2,3.3
CUST_6161,4,4.275
CUST_6162,2,3.9
CUST_6163,5,3.94
CUST_6164,3,3.8333333333333335
CUST_6165,2,4.550000000000001
CUST_6166,5,4.1
CUST_6167,3,3.9666666666666663
CUST_6168,2,4.300000000000001
CUST_6169,6,3.4333333333333336
CUST_6170,1,3.2
CUST_6171,2,3.7
CUST_6172,5,4.18
CUST_6173,1,4.6
CUST_6174,3,4.3
CUST_6175,1,3.8
CUST_6176,4,3.95
CUST_6177,3,4.566666666666666
CUST_6178,1,4.0
CUST_6179,1,4.1
CUST_6180,6,3.9166666666666665
CUST_6181,2,3.25
CUST_6182,1,3.0
CUST_6183,7,4.1000000000000005
CUST_6184,1,4.2
CUST_6185,7,3.9
CUST_6186,2,3.9499999999999997
CUST_6187,2,3.85
CUST_6188,6,4.066666666666666
CUST_6189,4,3.7249999999999996
CUST_6190,1,4.8
CUST_6191,2,4.85
CUST_6192,2,3.2
CUST_6193,2,4.35
CUST_6194,5,3.4
CUST_6195,3,3.733333333333334
CUST_6196,2,4.55
CUST_6198,5,3.96
CUST_6199,4,4.4
CUST_6201,4,4.225
CUST_6202,3,4.466666666666666
CUST_6203,2,3.6
CUST_6205,2,3.6500000000000004
CUST_6206,10,3.9800000000000004
CUST_6207,2,4.45
CUST_6208,3,3.8333333333333335
CUST_6209,4,4.325
CUST_6210,3,4.266666666666667
CUST_6211,2,4.2
CUST_6212,3,4.1000000000000005
CUST_6213,2,4.45
CUST_6214,7,4.1
CUST_6215,10,3.55
CUST_6216,2,4.35
CUST_6217,3,3.9333333333333336
CUST_6218,4,3.325
CUST_6219,4,3.525
CUST_6220,4,3.675
CUST_6221,4,3.65
CUST_6222,2,4.15
CUST_6224,7,3.6
CUST_6225,5,3.78
CUST_6226,2,4.05
CUST_6227,2,4.5
CUST_6228,4,3.775
CUST_6229,1,3.9
CUST_6230,2,4.45
CUST_6231,7,3.757142857142857
CUST_6232,1,4.8
CUST_6233,4,3.375
CUST_6234,5,3.96
CUST_6235,4,3.925
CUST_6236,4,3.775
CUST_6237,4,3.85
CUST_6238,4,3.775
CUST_6239,2,3.6500000000000004
CUST_6240,2,3.9000000000000004
CUST_6241,4,3.375
CUST_6242,2,3.55
CUST_6243,5,4.1
CUST_6244,3,4.2
CUST_6245,3,4.066666666666666
CUST_6246,4,4.125
CUST_6247,3,4.266666666666667
CUST_6248,3,4.366666666666666
CUST_6249,4,3.775
CUST_6250,5,4.0200000000000005
CUST_6251,3,4.466666666666667
CUST_6252,2,3.35
CUST_6253,6,4.116666666666666
CUST_6254,7,4.328571428571428
CUST_6255,2,4.15
CUST_6256,2,4.8
CUST_6257,2,3.5999999999999996
CUST_6258,4,4.025
CUST_6259,3,3.9
CUST_6260,4,3.925
CUST_6261,4,4.0
CUST_6262,3,4.366666666666666
CUST_6263,4,3.725
CUST_6264,1,4.5
CUST_6265,4,4.8
CUST_6266,1,3.2
CUST_6267,2,3.4
CUST_6268,2,3.8
CUST_6269,8,3.8875
CUST_6270,5,4.0
CUST_6271,2,3.95
CUST_6272,5,3.9800000000000004
CUST_6273,6,3.8833333333333333
CUST_6274,2,4.45
CUST_6276,2,3.1
CUST_6277,3,3.6999999999999997
CUST_6278,5,3.62
CUST_6279,5,4.220000000000001
CUST_6280,5,4.26
CUST_6281,5,4.24
CUST_6282,2,3.25
CUST_6283,3,4.566666666666666
CUST_6284,1,4.0
CUST_6285,5,3.46
CUST_6286,7,4.185714285714286
CUST_6287,5,3.84
CUST_6288,3,3.9333333333333336
CUST_6289,5,3.94
CUST_6290,3,4.133333333333333
CUST_6291,4,4.3
CUST_6292,5,3.7600000000000002
CUST_6293,5,4.08
CUST_6294,3,4.533333333333333
CUST_6295,3,4.233333333333333
CUST_6296,5,3.78
CUST_6297,3,4.066666666666666
CUST_6298,5,4.36
CUST_6299,3,4.1000000000000005
CUST_6300,1,3.1
CUST_6301,5,4.0600000000000005
CUST_6302,3,4.066666666666666
CUST_6303,4,4.375
CUST_6304,3,4.533333333333333
CUST_6305,1,4.4
CUST_6306,1,4.8
CUST_6307,7,3.8000000000000003
CUST_6308,4,3.975
CUST_6309,3,4.233333333333333
CUST_6310,1,3.3
CUST_6311,6,3.9499999999999997
CUST_6312,3,3.966666666666667
CUST_6313,5,4.0200000000000005
CUST_6314,5,3.78
CUST_6315,3,4.066666666666666
CUST_6316,2,4.05
CUST_6317,5,3.8
CUST_6318,4,3.7249999999999996
CUST_6319,2,3.9
CUST_6320,4,4.0
CUST_6321,2,3.85
CUST_6322,3,4.1000000000000005
CUST_6323,2,4.3
CUST_6324,1,4.3
CUST_6325,4,3.925
CUST_6326,6,3.966666666666667
CUST_6327,2,4.35
CUST_6328,4,3.725
CUST_6329,1,4.7
CUST_6330,2,4.45
CUST_6331,3,4.0
CUST_6332,5,3.7399999999999998
CUST_6333,2,3.5
CUST_6334,1,4.0
CUST_6335,2,3.9000000000000004
CUST_6336,2,4.75
CUST_6337,3,4.3
CUST_6338,2,4.050000000000001
CUST_6339,2,4.15
CUST_6340,3,3.6
CUST_6341,4,3.8
CUST_6342,2,4.35
CUST_6343,5,4.0600000000000005
CUST_6344,2,4.3
CUST_6345,4,4.025
CUST_6346,2,3.55
CUST_6347,4,4.575
CUST_6348,2,4.45
CUST_6349,3,4.5
CUST_6350,3,3.6999999999999997
CUST_6351,8,4.275
CUST_6352,5,3.8
CUST_6353,6,4.0
CUST_6354,3,4.0
CUST_6355,5,3.9200000000000004
CUST_6356,3,3.9
CUST_6357,1,3.9
CUST_6358,2,4.1
CUST_6359,7,3.957142857142857
CUST_6360,1,3.0
CUST_6361,4,3.9499999999999997
CUST_6362,8,4.0
CUST_6363,9,4.088888888888889
CUST_6364,5,4.08
CUST_6365,2,4.0
CUST_6366,2,3.55
CUST_6367,2,4.3
CUST_6368,5,4.1
CUST_6369,2,4.45
CUST_6370,4,4.075
CUST_6371,4,4.225
CUST_6372,4,4.15
CUST_6373,2,4.5
CUST_6374,1,4.7
CUST_6375,7,4.271428571428571
CUST_6376,3,3.8000000000000003
CUST_6377,2,4.15
CUST_6378,3,4.3
CUST_6379,1,3.0
CUST_6381,3,3.6666666666666665
CUST_6382,4,3.95
CUST_6383,6,4.033333333333334
CUST_6384,9,3.988888888888889
CUST_6385,4,3.875
CUST_6386,3,3.5
CUST_6387,5,4.32
CUST_6388,2,3.5
CUST_6389,2,4.45
CUST_6391,1,4.3
CUST_6392,1,4.9
CUST_6393,1,3.4
CUST_6394,6,4.266666666666667
CUST_6395,3,3.9
CUST_6396,2,4.85
CUST_6397,4,3.95
CUST_6398,4,4.45
CUST_6399,3,4.0
CUST_6400,3,3.966666666666667
CUST_6401,3,4.133333333333334
CUST_6402,3,3.8666666666666667
CUST_6403,4,4.275
CUST_6404,2,3.3
CUST_6405,2,3.4000000000000004
CUST_6406,3,4.733333333333333
CUST_6407,2,3.8
CUST_6408,1,4.4
CUST_6409,8,3.725
CUST_6410,5,4.2
CUST_6411,4,3.625
CUST_6412,3,4.066666666666666
CUST_6413,5,3.88
CUST_6414,1,4.2
CUST_6415,4,4.225
CUST_6416,5,4.16
CUST_6417,4,4.1000000000000005
CUST_6418,1,3.8
CUST_6419,3,3.6999999999999997
CUST_6420,3,4.566666666666666
CUST_6421,6,3.8000000000000003
CUST_6422,1,3.0
CUST_6423,4,3.8499999999999996
CUST_6424,5,3.4
CUST_6425,5,3.44
CUST_6426,6,4.1499999999999995
CUST_6427,6,4.383333333333334
CUST_6428,3,4.5
CUST_6429,5,4.0600000000000005
CUST_6430,2,4.15
CUST_6431,7,4.1571428571428575
CUST_6432,6,3.65
CUST_6434,3,4.233333333333333
CUST_6435,5,4.18
CUST_6436,2,4.25
CUST_6437,4,4.7
CUST_6438,2,4.35
CUST_6439,3,4.3999999999999995
CUST_6440,4,3.65
CUST_6441,3,3.5666666666666664
CUST_6442,2,3.95
CUST_6443,1,3.7
CUST_6444,6,3.85
CUST_6445,1,4.3
CUST_6446,3,4.1000000000000005
CUST_6447,3,4.466666666666667
CUST_6449,3,4.733333333333333
CUST_6450,2,4.15
CUST_6451,3,4.1000000000000005
CUST_6452,3,4.066666666666666
CUST_6453,2,4.75
CUST_6454,5,3.94
CUST_6455,1,4.4
CUST_6456,6,4.183333333333334
CUST_6457,1,3.6
CUST_6458,4,3.925
CUST_6459,2,3.65
CUST_6460,8,4.275
CUST_6461,5,3.8600000000000003
CUST_6462,1,3.3
CUST_6463,4,3.825
CUST_6464,7,4.057142857142857
CUST_6465,3,4.266666666666667
CUST_6466,1,4.9
CUST_6467,5,3.8600000000000003
CUST_6468,7,4.0
CUST_6469,3,4.133333333333333
CUST_6470,1,4.6
CUST_6471,1,4.3
CUST_6472,4,4.15
CUST_6473,5,3.62
CUST_6475,2,3.95
CUST_6476,4,4.199999999999999
CUST_6477,3,3.733333333333333
CUST_6478,2,4.3
CUST_6480,5,4.3
CUST_6481,4,4.225
CUST_6482,5,4.16
CUST_6483,5,4.119999999999999
CUST_6484,3,3.766666666666667
CUST_6486,5,4.14
CUST_6487,1,3.7
CUST_6488,5,3.9799999999999995
CUST_6489,5,4.1
CUST_6490,6,3.8166666666666664
CUST_6491,4,3.525
CUST_6492,4,3.775
CUST_6493,3,3.8000000000000003
CUST_6494,1,4.9
CUST_6495,2,4.1
CUST_6496,4,3.95
CUST_6497,4,3.575
CUST_6498,3,4.033333333333334
CUST_6499,4,3.65
CUST_6500,3,4.3
CUST_6502,2,4.15
CUST_6503,4,4.074999999999999
CUST_6504,2,3.9
CUST_6505,1,3.1
CUST_6506,1,4.5
CUST_6507,4,3.475
CUST_6508,2,4.5
CUST_6509,5,4.08
CUST_6510,3,4.066666666666666
CUST_6511,3,3.6333333333333333
CUST_6513,1,3.8
CUST_6514,4,4.125
CUST_6515,4,3.775
CUST_6516,4,4.275
CUST_6517,4,4.325
CUST_6518,8,3.6625
CUST_6520,1,4.9
CUST_6521,3,4.133333333333334
CUST_6522,1,3.4
CUST_6523,5,4.0200000000000005
CUST_6524,3,4.233333333333333
CUST_6525,2,4.0
CUST_6526,4,4.0
CUST_6527,10,3.7600000000000002
CUST_6528,4,3.5500000000000003
CUST_6529,4,3.875
CUST_6530,6,3.716666666666667
CUST_6531,5,3.84
CUST_6532,5,4.159999999999999
CUST_6533,4,3.975
CUST_6534,3,3.466666666666667
CUST_6535,7,4.385714285714285
CUST_6536,6,4.133333333333333
CUST_6537,1,3.0
CUST_6538,5,4.279999999999999
CUST_6539,2,4.25
CUST_6540,2,4.15
CUST_6542,3,4.2
CUST_6543,4,4.35
CUST_6544,5,4.16
CUST_6545,3,3.5666666666666664
CUST_6546,4,3.825
CUST_6547,2,4.55
CUST_6548,2,3.25
CUST_6549,5,4.12
CUST_6550,1,4.6
CUST_6551,2,3.45
CUST_6552,3,3.533333333333333
CUST_6553,5,4.04
CUST_6554,5,3.84
CUST_6555,3,4.433333333333334
CUST_6556,4,3.7750000000000004
CUST_6557,1,3.0
CUST_6558,2,4.7
CUST_6559,1,4.8
CUST_6561,1,3.3
CUST_6562,3,4.433333333333334
CUST_6563,3,4.766666666666667
CUST_6564,3,4.066666666666667
CUST_6565,3,3.6
CUST_6566,2,4.2
CUST_6567,7,4.2
CUST_6568,4,4.45
CUST_6569,7,4.071428571428571
CUST_6570,4,3.375
CUST_6571,3,4.066666666666666
CUST_6572,2,3.5
CUST_6573,7,3.857142857142857
CUST_6574,4,4.125
CUST_6575,6,3.5666666666666664
CUST_6576,3,3.8333333333333335
CUST_6577,1,3.4
CUST_6578,3,3.5666666666666664
CUST_6579,1,4.2
CUST_6580,2,3.8000000000000003
CUST_6581,2,4.2
CUST_6582,9,4.055555555555555
CUST_6583,2,3.75
CUST_6584,2,3.5999999999999996
CUST_6585,4,3.6
CUST_6586,3,4.333333333333333
CUST_6587,2,3.9
CUST_6588,3,3.8333333333333335
CUST_6589,2,4.0
CUST_6590,2,4.25
CUST_6591,2,3.85
CUST_6592,8,3.825
CUST_6593,5,3.7399999999999998
CUST_6594,5,3.54
CUST_6595,1,3.4
CUST_6596,2,4.35
CUST_6597,3,3.8333333333333335
CUST_6598,4,4.45
CUST_6599,3,3.4333333333333336
CUST_6600,2,3.85
CUST_6601,2,3.8
CUST_6602,1,4.1
CUST_6603,4,3.975
CUST_6604,4,3.9749999999999996
CUST_6605,4,4.125
CUST_6606,5,3.4
CUST_6607,1,4.9
CUST_6608,3,3.6999999999999997
CUST_6609,3,4.033333333333333
CUST_6610,6,4.483333333333333
CUST_6611,1,4.9
CUST_6612,1,3.8
CUST_6613,6,4.316666666666666
CUST_6614,5,4.0200000000000005
CUST_6615,5,3.9799999999999995
CUST_6616,2,3.5
CUST_6617,4,4.025
CUST_6618,7,3.9571428571428577
CUST_6619,1,3.3
CUST_6620,3,3.533333333333333
CUST_6621,4,4.35
CUST_6622,3,4.066666666666666
CUST_6623,4,3.9
CUST_6624,4,4.025
CUST_6625,3,3.966666666666667
CUST_6626,5,3.9
CUST_6627,2,3.8499999999999996
CUST_6628,3,3.9666666666666663
CUST_6629,5,3.9200000000000004
CUST_6630,3,3.9
CUST_6631,3,4.433333333333334
CUST_6632,4,3.9750000000000005
CUST_6633,6,3.766666666666667
CUST_6634,2,3.5999999999999996
CUST_6635,3,3.9333333333333336
CUST_6636,6,3.8333333333333335
CUST_6638,6,3.75
CUST_6639,3,3.733333333333333
CUST_6640,5,4.5600000000000005
CUST_6641,4,4.35
CUST_6642,3,3.466666666666667
CUST_6643,5,4.08
CUST_6644,4,3.9000000000000004
CUST_6645,3,3.4
CUST_6646,3,4.733333333333333
CUST_6647,3,3.6333333333333333
CUST_6648,3,4.3999999999999995
CUST_6649,1,4.0
CUST_6650,1,3.6
CUST_6651,6,3.983333333333333
CUST_6652,2,3.35
CUST_6653,5,3.8600000000000003
CUST_6654,4,4.3
CUST_6655,5,3.7
CUST_6656,6,3.85
CUST_6657,2,3.35
CUST_6658,7,3.9571428571428577
CUST_6659,3,3.533333333333333
CUST_6661,1,3.6
CUST_6663,1,4.4
CUST_6664,2,4.05
CUST_6665,3,4.8
CUST_6666,4,3.775
CUST_6667,1,3.5
CUST_6668,3,3.4
CUST_6669,1,4.6
CUST_6670,4,4.575
CUST_6671,1,3.2
CUST_6672,2,3.9000000000000004
CUST_6673,3,3.9
CUST_6674,3,3.533333333333333
CUST_6675,1,3.4
CUST_6677,1,4.2
CUST_6678,1,4.9
CUST_6679,5,3.84
CUST_6680,3,3.733333333333333
CUST_6681,7,3.814285714285714
CUST_6682,5,4.0600000000000005
CUST_6683,3,4.466666666666667
CUST_6684,3,4.066666666666666
CUST_6685,4,4.125
CUST_6687,1,4.1
CUST_6688,2,4.199999999999999
CUST_6689,1,3.1
CUST_6690,6,4.233333333333333
CUST_6691,2,3.9
CUST_6692,3,3.8333333333333335
CUST_6693,2,4.550000000000001
CUST_6694,3,4.266666666666667
CUST_6695,4,3.975
CUST_6696,3,4.6000000000000005
CUST_6697,3,4.566666666666667
CUST_6698,3,3.766666666666667
CUST_6699,5,3.6399999999999997
CUST_6700,5,3.9
CUST_6701,2,4.199999999999999
CUST_6702,3,3.966666666666667
CUST_6703,3,3.8000000000000003
CUST_6704,1,4.8
CUST_6705,4,3.6500000000000004
CUST_6706,4,3.825
CUST_6707,5,3.8200000000000003
CUST_6709,1,3.2
CUST_6710,7,4.142857142857143
CUST_6711,3,4.066666666666666
CUST_6712,6,3.983333333333333
CUST_6713,2,3.8000000000000003
CUST_6714,3,4.033333333333333
CUST_6715,7,4.142857142857143
CUST_6716,3,3.8666666666666667
CUST_6717,3,3.6333333333333333
CUST_6718,4,3.85
CUST_6719,2,4.4
CUST_6722,6,4.233333333333333
CUST_6723,4,3.725
CUST_6724,3,3.4333333333333336
CUST_6726,2,3.75
CUST_6727,4,3.75
CUST_6728,5,3.96
CUST_6729,4,4.55
CUST_6730,2,3.5999999999999996
CUST_6731,2,4.4
CUST_6732,2,3.6500000000000004
CUST_6733,3,4.433333333333334
CUST_6734,1,5.0
CUST_6735,3,4.0
CUST_6736,2,4.4
CUST_6737,1,3.3
CUST_6738,2,3.85
CUST_6739,2,4.65
CUST_6740,4,4.425
CUST_6741,3,3.466666666666667
CUST_6742,4,4.25
CUST_6743,1,3.9
CUST_6744,5,3.6
CUST_6745,1,3.0
CUST_6746,2,4.5
CUST_6747,3,3.533333333333333
CUST_6748,1,3.1
CUST_6749,1,4.6
CUST_6750,1,4.7
CUST_6751,5,4.18
CUST_6752,6,4.716666666666667
CUST_6753,4,3.925
CUST_6754,2,4.1
CUST_6755,2,4.6
CUST_6756,1,3.3
CUST_6757,4,4.125
CUST_6758,2,4.65
CUST_6759,5,3.9799999999999995
CUST_6760,1,3.4
CUST_6761,5,3.78
CUST_6762,3,3.9666666666666663
CUST_6763,5,3.6799999999999997
CUST_6764,3,4.266666666666667
CUST_6765,2,4.9
CUST_6766,7,4.257142857142857
CUST_6767,1,3.3
CUST_6768,2,4.0
CUST_6769,2,3.45
CUST_6770,3,3.466666666666667
CUST_6771,6,4.083333333333333
CUST_6772,5,3.8600000000000003
CUST_6773,5,4.64
CUST_6774,1,3.9
CUST_6775,3,4.566666666666666
CUST_6776,3,4.166666666666667
CUST_6777,3,4.233333333333333
CUST_6778,3,4.066666666666666
CUST_6779,3,3.6
CUST_6780,2,4.8
CUST_6781,4,4.225
CUST_6782,5,3.84
CUST_6783,4,3.925
CUST_6785,5,4.4399999999999995
CUST_6786,2,4.7
CUST_6787,5,4.38
CUST_6788,3,4.233333333333333
CUST_6789,4,3.725
CUST_6792,2,4.15
CUST_6793,5,3.56
CUST_6794,2,3.4000000000000004
CUST_6795,4,3.45
CUST_6796,2,4.4
CUST_6797,5,3.9200000000000004
CUST_6798,9,4.155555555555555
CUST_6799,3,4.133333333333334
CUST_6800,3,3.6
CUST_6802,2,4.4
CUST_6803,2,3.25
CUST_6804,4,3.625
CUST_6805,5,3.9
CUST_6806,4,4.15
CUST_6807,3,3.6
CUST_6808,1,4.3
CUST_6809,2,3.55
CUST_6810,5,3.88
CUST_6811,6,4.3
CUST_6812,2,3.55
CUST_6813,3,4.133333333333334
CUST_6814,1,4.1
CUST_6815,3,3.733333333333333
CUST_6816,2,4.4
CUST_6817,3,4.133333333333334
CUST_6818,4,4.2
CUST_6820,4,3.9749999999999996
CUST_6821,4,3.45
CUST_6822,2,3.65
CUST_6823,2,3.8499999999999996
CUST_6824,3,3.233333333333333
CUST_6825,2,4.15
CUST_6826,2,4.6
CUST_6827,1,4.0
CUST_6828,4,3.4
CUST_6829,2,4.699999999999999
CUST_6830,4,3.9
CUST_6831,2,3.8499999999999996
CUST_6832,3,3.6999999999999997
CUST_6833,5,4.0600000000000005
CUST_6834,2,4.1
CUST_6835,2,3.55
CUST_6836,5,3.8600000000000003
CUST_6837,2,3.45
CUST_6838,2,3.65
CUST_6839,1,4.4
CUST_6840,3,3.4
CUST_6841,3,4.266666666666667
CUST_6842,3,3.6999999999999997
CUST_6843,3,4.8999999999999995
CUST_6844,3,4.066666666666666
CUST_6846,3,4.1000000000000005
CUST_6847,5,3.6799999999999997
CUST_6848,3,3.8666666666666667
CUST_6849,1,3.2
CUST_6850,6,3.85
CUST_6851,3,4.3
CUST_6852,1,4.9
CUST_6853,4,4.0
CUST_6854,4,4.3
CUST_6855,7,3.9142857142857146
CUST_6856,4,3.975
CUST_6857,4,3.2
CUST_6858,3,4.166666666666667
CUST_6859,1,4.2
CUST_6860,2,3.7
CUST_6861,5,3.7399999999999998
CUST_6862,2,4.5
CUST_6863,3,4.133333333333334
CUST_6864,7,3.7285714285714286
CUST_6865,2,3.8000000000000003
CUST_6866,3,4.433333333333334
CUST_6867,5,3.54
CUST_6868,3,3.733333333333333
CUST_6869,2,3.5
CUST_6870,3,4.566666666666666
CUST_6871,3,3.866666666666667
CUST_6872,2,3.9499999999999997
CUST_6873,7,4.257142857142857
CUST_6874,1,3.0
CUST_6875,4,3.875
CUST_6876,4,4.35
CUST_6877,4,3.8
CUST_6878,4,3.575
CUST_6879,2,4.35
CUST_6880,3,4.066666666666667
CUST_6881,3,3.6666666666666665
CUST_6882,4,4.375
CUST_6883,3,4.333333333333333
CUST_6884,4,3.725
CUST_6885,4,3.775
CUST_6886,6,4.1499999999999995
CUST_6888,3,4.5
CUST_6889,2,3.3
CUST_6890,3,3.733333333333334
CUST_6891,2,3.85
CUST_6892,1,4.9
CUST_6893,1,4.4
CUST_6894,1,3.4
CUST_6895,1,4.0
CUST_6896,5,3.9799999999999995
CUST_6897,2,3.4000000000000004
CUST_6898,1,4.0
CUST_6899,1,4.8
CUST_6900,2,4.4
CUST_6901,5,4.0600000000000005
CUST_6902,4,3.825
CUST_6903,5,3.6399999999999997
CUST_6904,4,4.325
CUST_6905,2,3.8
CUST_6906,5,4.279999999999999
CUST_6907,5,4.0600000000000005
CUST_6908,3,3.466666666666667
CUST_6909,3,4.1000000000000005
CUST_6910,2,3.8
CUST_6911,2,4.5
CUST_6912,4,3.85
CUST_6913,2,4.35
CUST_6914,4,4.35
CUST_6915,2,4.1
CUST_6916,4,3.9000000000000004
CUST_6917,4,4.075
CUST_6918,5,4.0200000000000005
CUST_6919,4,4.0
CUST_6920,3,3.8666666666666667
CUST_6921,3,3.8000000000000003
CUST_6922,8,3.825
CUST_6923,1,4.0
CUST_6924,4,4.075
CUST_6925,8,3.9375
CUST_6926,3,3.7999999999999994
CUST_6927,8,3.6125
CUST_6928,4,4.2
CUST_6929,4,4.25
CUST_6930,3,3.5
CUST_6931,5,4.14
CUST_6932,4,3.7
CUST_6933,2,3.85
CUST_6934,4,4.075
CUST_6935,5,3.54
CUST_6936,1,4.5
CUST_6937,3,3.6333333333333333
CUST_6938,1,3.5
CUST_6939,3,3.3666666666666667
CUST_6940,5,4.140000000000001
CUST_6941,1,4.2
CUST_6942,4,4.175
CUST_6943,1,3.6
CUST_6944,2,4.1
CUST_6945,1,3.8
CUST_6946,2,3.7
CUST_6947,6,4.25
CUST_6950,4,3.625
CUST_6951,1,4.8
CUST_6952,7,4.1571428571428575
CUST_6953,5,4.279999999999999
CUST_6954,4,4.275
CUST_6955,3,3.533333333333333
CUST_6956,5,3.7600000000000002
CUST_6957,4,3.925
CUST_6958,2,3.75
CUST_6959,3,4.666666666666667
CUST_6960,3,4.666666666666667
CUST_6961,2,4.5
CUST_6962,1,4.9
CUST_6963,4,4.35
CUST_6964,2,4.75
CUST_6965,2,3.85
CUST_6966,3,4.1000000000000005
CUST_6967,6,4.166666666666667
CUST_6968,4,4.175
CUST_6970,1,3.8
CUST_6971,3,4.533333333333333
CUST_6972,2,3.0
CUST_6973,1,3.9
CUST_6974,6,4.066666666666666
CUST_6975,2,4.1
CUST_6976,2,4.550000000000001
CUST_6977,5,4.14
CUST_6978,3,3.9
CUST_6979,1,3.9
CUST_6980,2,4.65
CUST_6981,3,4.066666666666666
CUST_6982,3,3.6666666666666665
CUST_6983,3,3.733333333333333
CUST_6984,4,4.2
CUST_6985,3,4.233333333333333
CUST_6986,3,4.133333333333334
CUST_6987,4,4.125
CUST_6989,3,4.366666666666667
CUST_6990,5,4.0
CUST_6991,3,3.766666666666666
CUST_6992,4,4.425
CUST_6993,5,3.84
CUST_6994,1,3.4
CUST_6995,3,4.566666666666666
CUST_6996,3,3.9333333333333336
CUST_6997,3,4.133333333333334
CUST_6998,2,3.9
CUST_6999,3,4.633333333333334
CUST_7000,3,3.6666666666666665
CUST_7001,2,4.7
CUST_7002,2,3.8499999999999996
CUST_7003,3,4.133333333333333
CUST_7004,3,3.866666666666667
CUST_7005,2,3.8
CUST_7006,3,3.4333333333333336
CUST_7007,5,3.7
CUST_7008,4,4.125
CUST_7009,2,4.1
CUST_7010,4,3.525
CUST_7011,2,3.9
CUST_7012,4,3.675
CUST_7013,1,4.3
CUST_7014,3,3.8333333333333335
CUST_7015,1,4.7
CUST_7016,2,4.25
CUST_7017,3,4.233333333333333
CUST_7018,4,3.6750000000000003
CUST_7019,1,3.4
CUST_7020,4,3.6
CUST_7021,3,3.733333333333333
CUST_7022,5,4.1
CUST_7023,3,3.9
CUST_7024,2,4.300000000000001
CUST_7025,4,3.925
CUST_7026,2,3.85
CUST_7027,2,4.05
CUST_7028,4,4.275
CUST_7029,3,4.2
CUST_7030,3,4.2
CUST_7031,2,4.25
CUST_7032,1,4.5
CUST_7033,5,3.94
CUST_7034,5,3.9200000000000004
CUST_7035,5,3.66
CUST_7036,2,4.3
CUST_7037,2,4.1
CUST_7038,6,4.483333333333333
CUST_7039,4,3.925
CUST_7040,1,3.0
CUST_7041,3,3.466666666666667
CUST_7042,4,4.25
CUST_7043,7,3.7857142857142856
CUST_7044,4,4.05
CUST_7045,2,4.15
CUST_7046,5,4.38
CUST_7047,3,4.466666666666666
CUST_7048,1,4.8
CUST_7049,4,4.775
CUST_7050,3,4.5
CUST_7051,4,4.3
CUST_7052,3,4.066666666666666
CUST_7053,2,4.6
CUST_7054,7,4.1571428571428575
CUST_7055,4,3.525
CUST_7056,4,4.1
CUST_7057,2,3.5
CUST_7058,4,4.05
CUST_7059,1,3.7
CUST_7060,2,3.9499999999999997
CUST_7061,3,4.3
CUST_7062,5,3.9
CUST_7063,2,4.25
CUST_7064,1,4.7
CUST_7065,5,4.0600000000000005
CUST_7066,2,4.35
CUST_7067,1,3.4
CUST_7068,5,4.2
CUST_7069,3,3.4
CUST_7070,4,3.7750000000000004
CUST_7071,3,3.0
CUST_7072,1,4.6
CUST_7073,3,4.333333333333333
CUST_7074,4,3.6
CUST_7075,4,3.95
CUST_7076,6,4.016666666666667
CUST_7077,8,4.2875
CUST_7078,9,3.855555555555556
CUST_7079,3,4.166666666666667
CUST_7081,4,3.625
CUST_7082,8,4.075
CUST_7083,2,3.3499999999999996
CUST_7084,3,4.666666666666667
CUST_7085,2,3.8499999999999996
CUST_7086,3,4.033333333333333
CUST_7087,4,3.925
CUST_7088,4,4.475
CUST_7089,5,3.9200000000000004
CUST_7090,2,4.6
CUST_7091,2,3.7
CUST_7092,3,3.4
CUST_7093,1,5.0
CUST_7094,4,4.625
CUST_7095,1,4.1
CUST_7096,5,4.24
CUST_7097,2,3.9
CUST_7098,2,4.3
CUST_7099,7,3.357142857142857
CUST_7100,3,4.7
CUST_7101,4,4.225
CUST_7102,6,3.7000000000000006
CUST_7103,4,3.65
CUST_7104,2,3.5
CUST_7105,4,4.05
CUST_7106,1,4.4
CUST_7107,2,4.25
CUST_7108,10,4.05
CUST_7109,3,4.033333333333333
CUST_7110,3,3.533333333333333
CUST_7111,3,3.9333333333333336
CUST_7112,2,3.95
CUST_7113,7,4.214285714285714
CUST_7114,8,4.425
CUST_7115,3,4.066666666666666
CUST_7116,7,4.0285714285714285
CUST_7117,2,3.7
CUST_7118,2,4.15
CUST_7119,5,3.94
CUST_7120,3,3.9
CUST_7121,4,4.45
CUST_7122,5,3.94
CUST_7123,1,3.7
CUST_7124,4,4.0
CUST_7125,5,4.16
CUST_7126,7,4.3
CUST_7127,2,3.45
CUST_7128,2,4.15
CUST_7129,3,4.1000000000000005
CUST_7130,4,3.7
CUST_7131,11,3.7636363636363637
CUST_7132,6,3.8833333333333333
CUST_7133,3,4.166666666666667
CUST_7134,1,4.4
CUST_7135,4,3.675
CUST_7136,5,3.8200000000000003
CUST_7137,2,4.55
CUST_7138,4,4.175
CUST_7139,4,3.875
CUST_7140,4,4.35
CUST_7141,2,4.550000000000001
CUST_7142,4,4.3
CUST_7143,4,3.775
CUST_7144,4,3.825
CUST_7145,4,4.075
CUST_7146,4,3.825
CUST_7147,3,4.2
CUST_7148,3,4.066666666666666
CUST_7149,3,3.3333333333333335
CUST_7150,3,3.8333333333333335
CUST_7151,3,3.766666666666667
CUST_7152,3,3.1999999999999997
CUST_7153,2,4.35
CUST_7154,3,4.7
CUST_7155,2,4.550000000000001
CUST_7156,2,4.85
CUST_7157,3,4.2
CUST_7158,3,3.8333333333333335
CUST_7159,5,4.14
CUST_7160,2,3.55
CUST_7161,5,4.2
CUST_7162,4,3.725
CUST_7163,3,4.066666666666666
CUST_7164,2,4.15
CUST_7165,5,4.0
CUST_7166,4,3.875
CUST_7167,1,4.6
CUST_7168,2,3.75
CUST_7169,5,4.4399999999999995
CUST_7170,1,3.0
CUST_7171,3,4.033333333333333
CUST_7172,5,3.8600000000000003
CUST_7173,3,4.1000000000000005
CUST_7174,5,4.04
CUST_7175,4,4.3
CUST_7176,6,4.233333333333333
CUST_7177,5,3.7399999999999998
CUST_7178,6,4.083333333333333
CUST_7179,4,3.725
CUST_7180,5,4.26
CUST_7181,7,4.1571428571428575
CUST_7182,2,4.15
CUST_7183,7,3.985714285714286
CUST_7184,2,4.1
CUST_7185,7,4.257142857142857
CUST_7186,2,3.25
CUST_7187,5,3.5799999999999996
CUST_7188,5,4.26
CUST_7189,4,4.125
CUST_7190,3,3.766666666666667
CUST_7191,5,3.96
CUST_7192,2,3.05
CUST_7194,5,4.220000000000001
CUST_7195,2,4.2
CUST_7196,3,3.8666666666666667
CUST_7198,1,3.9
CUST_7199,4,4.375
CUST_7200,3,4.133333333333334
CUST_7201,4,3.8
CUST_7202,5,3.72
CUST_7203,2,3.1500000000000004
CUST_7204,2,4.1
CUST_7205,1,4.8
CUST_7206,4,4.375
CUST_7207,1,4.3
CUST_7208,8,3.8249999999999997
CUST_7209,3,4.166666666666667
CUST_7210,3,3.4333333333333336
CUST_7211,5,3.78
CUST_7212,2,3.65
CUST_7213,2,4.25
CUST_7214,3,4.6000000000000005
CUST_7215,4,4.35
CUST_7216,5,4.08
CUST_7217,2,4.199999999999999
CUST_7218,2,4.15
CUST_7219,4,3.975
CUST_7220,1,4.8
CUST_7221,1,4.8
CUST_7222,1,3.5
CUST_7223,6,4.016666666666667
CUST_7224,4,3.525
CUST_7225,4,4.225
CUST_7226,4,4.275
CUST_7227,4,4.675
CUST_7228,5,4.0200000000000005
CUST_7229,5,4.18
CUST_7230,8,4.275
CUST_7231,1,3.1
CUST_7232,7,4.0285714285714285
CUST_7233,3,4.766666666666667
CUST_7234,3,4.333333333333333
CUST_7235,3,4.066666666666666
CUST_7236,4,3.875
CUST_7237,2,4.25
CUST_7238,1,4.6
CUST_7239,2,3.35
CUST_7240,4,3.825
CUST_7241,4,3.875
CUST_7242,4,4.125
CUST_7243,3,4.1000000000000005
CUST_7244,5,3.9200000000000004
CUST_7245,2,3.95
CUST_7246,5,4.0
CUST_7247,5,3.38
CUST_7248,5,4.1
CUST_7249,10,4.029999999999999
CUST_7250,9,3.7777777777777777
CUST_7251,6,3.9166666666666665
CUST_7252,4,3.5
CUST_7253,2,3.75
CUST_7254,2,3.85
CUST_7255,3,4.133333333333334
CUST_7256,1,3.9
CUST_7257,2,3.7
CUST_7258,6,3.8833333333333333
CUST_7259,3,4.033333333333333
CUST_7260,3,4.2
CUST_7261,2,3.95
CUST_7262,6,4.116666666666667
CUST_7263,3,3.366666666666667
CUST_7264,2,4.15
CUST_7265,7,3.857142857142857
CUST_7266,6,4.1499999999999995
CUST_7267,4,3.45
CUST_7268,8,3.875
CUST_7269,2,3.5999999999999996
CUST_7270,3,4.1000000000000005
CUST_7271,4,3.9250000000000003
CUST_7272,3,4.0
CUST_7273,1,4.7
CUST_7274,4,4.275
CUST_7275,4,4.3
CUST_7276,4,3.85
CUST_7277,2,4.25
CUST_7278,3,3.9333333333333336
CUST_7279,2,3.25
CUST_7280,6,3.9499999999999997
CUST_7281,1,5.0
CUST_7282,1,3.3
CUST_7283,3,3.6333333333333333
CUST_7284,4,3.525
CUST_7285,2,3.8499999999999996
CUST_7286,4,3.8
CUST_7287,5,3.7
CUST_7288,3,4.133333333333334
CUST_7289,1,3.2
CUST_7290,6,3.8666666666666667
CUST_7291,5,4.08
CUST_7292,6,3.5833333333333335
CUST_7293,4,3.9000000000000004
CUST_7294,5,3.6
CUST_7295,3,4.3
CUST_7296,3,3.766666666666667
CUST_7297,3,4.0
CUST_7298,5,3.6399999999999997
CUST_7299,7,4.0285714285714285
CUST_7300,1,3.4
CUST_7301,2,4.25
CUST_7302,5,3.72
CUST_7303,4,3.875
CUST_7304,5,4.0200000000000005
CUST_7305,4,3.875
CUST_7306,2,3.35
CUST_7307,1,3.3
CUST_7308,7,4.214285714285714
CUST_7309,1,3.3
CUST_7310,2,3.85
CUST_7311,3,3.5
CUST_7312,3,3.9
CUST_7313,7,3.757142857142857
CUST_7314,3,4.7
CUST_7315,2,4.15
CUST_7316,3,3.6333333333333333
CUST_7317,3,3.6999999999999997
CUST_7318,3,3.5
CUST_7319,1,4.3
CUST_7320,1,4.2
CUST_7321,3,4.266666666666667
CUST_7322,7,3.8000000000000003
CUST_7323,4,4.15
CUST_7324,1,4.3
CUST_7325,3,4.5
CUST_7326,4,4.475
CUST_7328,5,4.08
CUST_7329,2,3.9
CUST_7330,3,4.766666666666667
CUST_7331,2,4.3
CUST_7332,1,4.7
CUST_7333,3,3.233333333333333
CUST_7334,4,4.1
CUST_7335,2,3.8
CUST_7336,3,4.3999999999999995
CUST_7337,3,4.166666666666667
CUST_7338,5,4.08
CUST_7339,2,4.2
CUST_7340,3,3.966666666666667
CUST_7341,1,4.4
CUST_7342,5,3.9799999999999995
CUST_7343,2,3.45
CUST_7344,2,4.35
CUST_7345,3,4.166666666666667
CUST_7346,3,3.9000000000000004
CUST_7347,7,4.257142857142857
CUST_7348,6,3.9
CUST_7349,6,3.983333333333333
CUST_7350,5,4.24
CUST_7352,4,4.175
CUST_7353,3,3.6999999999999997
CUST_7354,3,3.8333333333333335
CUST_7355,7,3.9285714285714284
CUST_7356,1,4.5
CUST_7357,3,4.266666666666667
CUST_7358,7,3.685714285714286
CUST_7359,4,4.0
CUST_7360,2,3.15
CUST_7361,7,3.7285714285714286
CUST_7362,2,4.55
CUST_7363,7,4.285714285714286
CUST_7364,5,4.26
CUST_7365,6,4.316666666666666
CUST_7366,6,4.1
CUST_7367,3,4.1
CUST_7368,1,3.1
CUST_7369,2,3.6
CUST_7370,5,4.14
CUST_7371,3,4.533333333333334
CUST_7372,2,3.45
CUST_7373,4,4.375
CUST_7374,7,4.614285714285714
CUST_7375,4,4.3
CUST_7376,3,4.066666666666666
CUST_7377,3,4.5
CUST_7378,5,4.14
CUST_7379,2,3.6500000000000004
CUST_7380,3,3.8000000000000003
CUST_7381,4,4.7
CUST_7382,4,4.625
CUST_7383,4,3.7
CUST_7384,1,3.1
CUST_7385,3,3.966666666666667
CUST_7386,4,3.975
CUST_7387,5,4.36
CUST_7388,7,4.171428571428572
CUST_7389,3,3.733333333333333
CUST_7390,3,4.333333333333333
CUST_7391,2,3.95
CUST_7392,3,4.466666666666666
CUST_7393,1,3.9
CUST_7394,1,3.1
CUST_7395,3,4.8
CUST_7396,6,4.066666666666666
CUST_7397,3,4.033333333333333
CUST_7398,1,5.0
CUST_7399,6,3.9
CUST_7400,4,4.65
CUST_7401,7,3.857142857142857
CUST_7402,8,3.8249999999999997
CUST_7403,4,4.4
CUST_7404,4,3.9000000000000004
CUST_7405,1,4.4
CUST_7406,4,4.025
CUST_7407,4,3.625
CUST_7408,5,4.16
CUST_7409,3,4.066666666666666
CUST_7410,3,4.3999999999999995
CUST_7411,2,4.25
CUST_7412,6,3.9000000000000004
CUST_7413,1,3.8
CUST_7414,2,4.0
CUST_7415,1,3.0
CUST_7416,3,3.8333333333333335
CUST_7417,1,4.8
CUST_7418,5,4.5600000000000005
CUST_7419,3,4.266666666666667
CUST_7420,3,4.0
CUST_7421,5,4.14
CUST_7422,2,4.699999999999999
CUST_7423,1,4.3
CUST_7424,2,4.1
CUST_7425,5,4.12
CUST_7426,3,3.8666666666666667
CUST_7427,5,4.32
CUST_7429,4,3.85
CUST_7430,2,4.65
CUST_7431,1,4.8
CUST_7432,4,3.775
CUST_7433,2,4.300000000000001
CUST_7434,1,4.6
CUST_7435,3,4.0
CUST_7436,5,3.6399999999999997
CUST_7437,7,3.9714285714285715
CUST_7438,6,3.9499999999999997
CUST_7439,3,4.533333333333333
CUST_7440,3,4.3999999999999995
CUST_7441,3,3.8000000000000003
CUST_7442,3,3.6
CUST_7443,5,4.42
CUST_7444,5,3.9799999999999995
CUST_7445,4,3.95
CUST_7446,3,3.9
CUST_7447,6,3.4333333333333336
CUST_7449,6,4.0
CUST_7450,2,3.3
CUST_7451,3,3.9333333333333336
CUST_7452,4,4.225
CUST_7453,2,3.7
CUST_7454,1,3.2
CUST_7455,2,3.4
CUST_7456,3,4.6000000000000005
CUST_7457,3,3.9333333333333336
CUST_7458,4,3.725
CUST_7459,2,3.55
CUST_7460,4,3.475
CUST_7461,3,4.633333333333333
CUST_7462,3,4.133333333333334
CUST_7463,3,3.1333333333333333
CUST_7464,4,3.825
CUST_7465,4,4.075
CUST_7466,3,4.466666666666667
CUST_7467,4,4.075
CUST_7468,6,3.983333333333333
CUST_7469,2,4.199999999999999
CUST_7470,2,4.05
CUST_7471,6,4.066666666666666
CUST_7472,1,4.2
CUST_7473,4,3.975
CUST_7474,4,3.5
CUST_7475,3,4.433333333333334
CUST_7476,3,4.3999999999999995
CUST_7477,1,3.1
CUST_7478,5,3.9200000000000004
CUST_7479,5,4.04
CUST_7480,4,3.6
CUST_7481,4,3.9749999999999996
CUST_7482,2,3.5
CUST_7483,2,3.9000000000000004
CUST_7484,8,4.1375
CUST_7485,2,4.15
CUST_7486,2,3.75
CUST_7487,4,4.1
CUST_7488,5,3.6399999999999997
CUST_7489,2,4.4
CUST_7490,1,4.4
CUST_7491,5,3.72
CUST_7492,3,4.366666666666666
CUST_7493,8,4.025
CUST_7494,2,4.45
CUST_7495,4,3.9499999999999997
CUST_7496,2,4.85
CUST_7497,3,4.0
CUST_7498,3,4.2
CUST_7499,3,3.5666666666666664
CUST_7500,4,3.675
CUST_7501,1,3.3
CUST_7502,4,4.0
CUST_7503,4,3.75
CUST_7504,4,4.0
CUST_7505,7,3.942857142857143
CUST_7506,4,4.025
CUST_7507,1,3.9
CUST_7508,1,3.6
CUST_7509,2,3.35
CUST_7510,2,4.25
CUST_7511,2,3.8499999999999996
CUST_7512,7,3.814285714285714
CUST_7513,6,3.8166666666666664
CUST_7515,5,4.4
CUST_7516,1,3.7
CUST_7517,4,4.3999999999999995
CUST_7518,6,4.25
CUST_7519,4,4.025
CUST_7520,6,3.6999999999999997
CUST_7521,2,3.9000000000000004
CUST_7522,4,4.075
CUST_7523,8,3.9875
CUST_7524,7,4.085714285714286
CUST_7525,3,4.266666666666667
CUST_7526,4,4.3
CUST_7527,5,3.7399999999999998
CUST_7528,5,3.72
CUST_7529,2,4.55
CUST_7530,3,3.933333333333333
CUST_7531,6,4.283333333333333
CUST_7532,3,3.766666666666667
CUST_7533,2,4.1
CUST_7534,3,3.9
CUST_7535,3,4.033333333333334
CUST_7536,1,3.3
CUST_7537,2,4.050000000000001
CUST_7538,3,4.166666666666667
CUST_7539,4,3.975
CUST_7540,4,4.0
CUST_7541,4,4.425
CUST_7542,8,3.9625
CUST_7543,4,4.175
CUST_7544,4,3.95
CUST_7547,3,4.2
CUST_7548,4,4.325
CUST_7549,3,4.266666666666667
CUST_7550,3,3.966666666666667
CUST_7551,4,4.1
CUST_7552,2,4.199999999999999
CUST_7553,3,4.166666666666667
CUST_7554,5,4.0600000000000005
CUST_7555,2,3.75
CUST_7556,5,3.7
CUST_7557,7,4.171428571428572
CUST_7558,3,3.9
CUST_7559,2,4.55
CUST_7560,3,4.033333333333333
CUST_7561,5,3.84
CUST_7562,3,3.9333333333333336
CUST_7563,9,3.755555555555555
CUST_7564,5,3.96
CUST_7565,6,3.5833333333333335
CUST_7566,8,3.9
CUST_7567,4,3.75
CUST_7568,5,3.94
CUST_7569,2,4.05
CUST_7570,2,4.0
CUST_7571,3,4.233333333333333
CUST_7572,3,3.6333333333333333
CUST_7573,1,3.6
CUST_7574,7,3.7428571428571433
CUST_7575,6,3.8000000000000003
CUST_7576,3,3.266666666666667
CUST_7577,7,4.3428571428571425
CUST_7578,4,4.225
CUST_7579,3,4.0
CUST_7580,4,3.9
CUST_7581,5,3.56
CUST_7582,3,4.233333333333333
CUST_7583,5,3.78
CUST_7584,2,4.550000000000001
CUST_7585,3,3.6
CUST_7586,3,4.3999999999999995
CUST_7587,3,3.6
CUST_7588,4,3.775
CUST_7589,3,3.6999999999999997
CUST_7590,4,3.925
CUST_7591,3,3.8333333333333335
CUST_7592,2,4.65
CUST_7593,5,4.0
CUST_7594,4,4.225
CUST_7595,3,3.6
CUST_7596,2,3.7
CUST_7597,5,3.62
CUST_7598,1,3.2
CUST_7599,4,3.1500000000000004
CUST_7600,3,4.433333333333334
CUST_7601,4,3.9
CUST_7602,4,4.35
CUST_7604,1,3.5
CUST_7605,2,3.45
CUST_7606,5,3.66
CUST_7607,9,3.5888888888888886
CUST_7608,1,3.9
CUST_7609,6,3.933333333333333
CUST_7611,3,3.5333333333333337
CUST_7612,1,4.1
CUST_7613,4,3.7
CUST_7614,3,4.233333333333333
CUST_7615,2,3.65
CUST_7616,2,3.9
CUST_7617,2,3.55
CUST_7618,3,3.4333333333333336
CUST_7619,4,3.8
CUST_7620,2,3.45
CUST_7621,3,4.333333333333333
CUST_7622,7,3.957142857142857
CUST_7623,7,3.771428571428572
CUST_7624,2,3.75
CUST_7625,2,4.0
CUST_7626,6,4.166666666666667
CUST_7627,6,4.3500000000000005
CUST_7628,6,3.8833333333333333
CUST_7629,3,3.6999999999999997
CUST_7630,3,4.533333333333333
CUST_7631,2,4.1
CUST_7632,3,3.9666666666666663
CUST_7633,4,4.475
CUST_7634,2,3.7
CUST_7635,3,3.5999999999999996
CUST_7636,6,4.3500000000000005
CUST_7637,5,4.18
CUST_7638,5,3.9799999999999995
CUST_7639,2,4.1
CUST_7640,4,3.725
CUST_7641,2,3.9000000000000004
CUST_7642,3,4.8
CUST_7643,6,4.3
CUST_7644,3,4.166666666666667
CUST_7645,2,3.3
CUST_7646,5,3.88
CUST_7647,3,3.9333333333333336
CUST_7648,5,4.12
CUST_7649,4,4.05
CUST_7650,2,3.3499999999999996
CUST_7651,2,3.9499999999999997
CUST_7652,5,3.78
CUST_7653,8,3.7875
CUST_7654,2,3.8
CUST_7655,3,3.6666666666666665
CUST_7656,5,4.74
CUST_7657,3,4.1000000000000005
CUST_7658,7,3.585714285714286
CUST_7659,1,3.1
CUST_7660,7,4.5
CUST_7661,4,3.675
CUST_7662,3,4.3999999999999995
CUST_7663,4,3.8
CUST_7664,5,3.7
CUST_7666,5,4.12
CUST_7667,1,4.2
CUST_7668,4,4.3
CUST_7669,3,4.366666666666667
CUST_7670,5,4.1
CUST_7671,6,4.033333333333333
CUST_7672,7,4.057142857142857
CUST_7673,2,4.0
CUST_7674,3,3.766666666666667
CUST_7675,2,3.5
CUST_7676,5,4.16
CUST_7677,4,3.5500000000000003
CUST_7678,7,3.9714285714285715
CUST_7679,3,4.566666666666667
CUST_7680,3,3.6
CUST_7681,4,3.85
CUST_7683,2,3.3
CUST_7684,4,4.2
CUST_7685,3,4.366666666666667
CUST_7686,3,4.366666666666666
CUST_7687,3,3.6
CUST_7688,4,4.225
CUST_7689,2,4.3
CUST_7690,4,3.925
CUST_7691,4,4.0
CUST_7692,2,3.9
CUST_7693,7,3.8285714285714287
CUST_7694,7,4.285714285714286
CUST_7695,2,3.8499999999999996
CUST_7696,1,3.4
CUST_7697,9,3.966666666666667
CUST_7698,4,4.125
CUST_7699,1,4.9
CUST_7700,3,3.8666666666666667
CUST_7701,4,3.6999999999999997
CUST_7703,5,4.16
CUST_7704,5,4.0
CUST_7705,3,3.8333333333333335
CUST_7706,1,3.8
CUST_7708,3,4.366666666666666
CUST_7709,2,3.9000000000000004
CUST_7710,3,3.766666666666667
CUST_7711,1,4.4
CUST_7712,1,4.6
CUST_7713,4,3.575
CUST_7714,5,3.8200000000000003
CUST_7715,3,3.5
CUST_7716,3,4.366666666666666
CUST_7717,4,4.25
CUST_7718,1,3.6
CUST_7719,4,4.35
CUST_7720,3,4.166666666666667
CUST_7721,3,3.6
CUST_7722,4,4.55
CUST_7723,5,3.9
CUST_7724,1,4.8
CUST_7725,3,3.9333333333333336
CUST_7726,3,4.566666666666666
CUST_7727,1,3.2
CUST_7729,5,4.0600000000000005
CUST_7730,8,3.875
CUST_7731,5,3.7600000000000002
CUST_7732,4,3.95
CUST_7733,2,3.95
CUST_7734,1,4.7
CUST_7735,7,3.5714285714285716
CUST_7736,3,3.8000000000000003
CUST_7737,4,3.85
CUST_7738,5,3.6399999999999997
CUST_7739,2,3.45
CUST_7741,1,3.2
CUST_7742,3,4.0
CUST_7743,5,4.3
CUST_7744,4,3.6
CUST_7745,7,3.814285714285714
CUST_7746,3,4.666666666666667
CUST_7747,3,4.666666666666667
CUST_7748,1,4.8
CUST_7749,2,3.8
CUST_7750,8,4.025
CUST_7751,2,4.2
CUST_7752,3,3.766666666666667
CUST_7753,2,4.95
CUST_7754,2,4.0
CUST_7755,5,4.5600000000000005
CUST_7756,3,4.166666666666667
CUST_7757,3,3.9666666666666663
CUST_7759,4,3.8
CUST_7760,4,4.45
CUST_7761,1,4.0
CUST_7762,3,3.6999999999999997
CUST_7763,5,3.9
CUST_7764,2,4.699999999999999
CUST_7765,6,4.2
CUST_7766,2,3.2
CUST_7767,3,4.3999999999999995
CUST_7768,2,4.4
CUST_7769,4,4.0
CUST_7770,5,3.8
CUST_7771,5,3.8400000000000007
CUST_7772,1,4.3
CUST_7773,5,4.46
CUST_7774,2,4.0
CUST_7775,5,4.18
CUST_7776,5,3.78
CUST_7777,1,4.3
CUST_7778,3,3.8000000000000003
CUST_7779,5,3.8600000000000003
CUST_7780,4,3.8000000000000003
CUST_7781,2,4.2
CUST_7782,6,3.8333333333333335
CUST_7783,6,4.05
CUST_7784,5,3.72
CUST_7785,2,3.8000000000000003
CUST_7786,3,4.033333333333334
CUST_7787,1,3.1
CUST_7788,3,4.266666666666667
CUST_7789,2,4.05
CUST_7790,4,3.625
CUST_7791,3,3.6
CUST_7792,2,4.75
CUST_7793,3,4.5
CUST_7794,4,4.15
CUST_7796,1,4.3
CUST_7797,5,4.279999999999999
CUST_7798,6,4.283333333333333
CUST_7799,2,4.35
CUST_7800,6,4.233333333333333
CUST_7801,2,3.55
CUST_7802,3,3.966666666666667
CUST_7803,2,3.5999999999999996
CUST_7804,2,3.55
CUST_7805,3,3.9000000000000004
CUST_7806,4,3.9000000000000004
CUST_7807,6,4.2
CUST_7808,3,4.2
CUST_7809,5,4.14
CUST_7810,5,3.8
CUST_7811,3,3.6333333333333333
CUST_7812,4,3.625
CUST_7813,3,4.033333333333334
CUST_7814,3,4.6000000000000005
CUST_7815,6,3.516666666666667
CUST_7816,2,3.8
CUST_7817,2,3.25
CUST_7818,1,3.9
CUST_7819,4,3.975
CUST_7820,3,3.6999999999999997
CUST_7821,4,3.975
CUST_7822,2,3.9
CUST_7823,3,4.066666666666666
CUST_7824,6,3.9333333333333336
CUST_7825,4,4.175
CUST_7827,1,3.6
CUST_7828,4,4.25
CUST_7829,5,4.220000000000001
CUST_7830,3,3.9333333333333336
CUST_7831,4,4.175
CUST_7832,2,4.1
CUST_7833,2,4.05
CUST_7834,5,3.56
CUST_7835,3,3.733333333333333
CUST_7836,3,3.733333333333334
CUST_7837,3,4.1000000000000005
CUST_7838,1,4.2
CUST_7839,1,5.0
CUST_7840,5,4.32
CUST_7841,5,4.0
CUST_7843,5,4.1
CUST_7844,3,3.966666666666667
CUST_7845,1,4.5
CUST_7846,6,3.483333333333333
CUST_7847,2,3.5
CUST_7848,4,4.0
CUST_7849,3,4.3
CUST_7850,4,4.2
CUST_7851,3,3.5666666666666664
CUST_7852,6,3.966666666666667
CUST_7853,4,3.95
CUST_7854,4,3.8
CUST_7855,2,4.45
CUST_7856,1,4.5
CUST_7857,4,4.25
CUST_7858,3,4.633333333333334
CUST_7859,8,3.7125
CUST_7860,2,4.0
CUST_7861,5,3.6399999999999997
CUST_7862,4,3.55
CUST_7864,6,4.033333333333333
CUST_7865,5,4.04
CUST_7866,5,4.0
CUST_7867,2,4.1
CUST_7868,6,4.083333333333333
CUST_7869,5,4.08
CUST_7870,2,3.8
CUST_7872,2,4.1
CUST_7873,2,3.95
CUST_7874,5,3.7199999999999998
CUST_7875,2,4.1
CUST_7876,6,3.8666666666666667
CUST_7877,6,3.9166666666666665
CUST_7878,3,4.066666666666666
CUST_7879,5,3.8
CUST_7880,1,4.1
CUST_7881,4,3.5
CUST_7882,3,4.466666666666667
CUST_7883,3,4.533333333333333
CUST_7884,5,4.06
CUST_7885,3,4.333333333333333
CUST_7886,1,3.7
CUST_7887,5,4.16
CUST_7888,2,4.1
CUST_7889,3,4.033333333333334
CUST_7891,3,4.0
CUST_7892,3,3.9333333333333336
CUST_7893,5,3.84
CUST_7894,1,3.9
CUST_7895,4,4.35
CUST_7896,1,4.2
CUST_7897,7,4.2
CUST_7898,4,4.1
CUST_7899,6,3.75
CUST_7900,1,3.8
CUST_7901,5,3.66
CUST_7902,3,3.1666666666666665
CUST_7903,1,4.1
CUST_7904,4,4.475
CUST_7905,2,4.35
CUST_7906,2,4.75
CUST_7907,2,4.35
CUST_7908,4,4.275
CUST_7909,6,3.6666666666666665
CUST_7910,3,3.766666666666667
CUST_7911,5,3.84
CUST_7912,5,3.9200000000000004
CUST_7913,5,4.26
CUST_7914,4,4.0
CUST_7915,2,4.699999999999999
CUST_7916,3,4.133333333333334
CUST_7917,4,4.025
CUST_7918,2,4.1
CUST_7919,5,4.0200000000000005
CUST_7920,5,4.08
CUST_7921,8,4.075
CUST_7922,3,3.5
CUST_7923,3,3.9333333333333336
CUST_7924,2,3.55
CUST_7925,3,4.133333333333333
CUST_7926,1,3.2
CUST_7927,3,4.333333333333333
CUST_7928,4,4.375
CUST_7929,6,4.216666666666667
CUST_7930,3,3.3333333333333335
CUST_7931,7,3.6571428571428575
CUST_7932,4,4.075
CUST_7933,5,3.8600000000000003
CUST_7934,7,3.6714285714285713
CUST_7935,3,3.8666666666666667
CUST_7936,2,4.15
CUST_7937,4,4.375
CUST_7938,4,4.025
CUST_7939,6,4.116666666666666
CUST_7940,3,4.1000000000000005
CUST_7941,4,4.2250000000000005
CUST_7942,2,4.4
CUST_7943,4,3.75
CUST_7944,6,4.016666666666667
CUST_7945,2,4.699999999999999
CUST_7946,2,3.7
CUST_7947,5,3.6
CUST_7948,4,3.675
CUST_7949,2,4.050000000000001
CUST_7950,3,4.6000000000000005
CUST_7951,6,3.766666666666667
CUST_7953,2,4.15
CUST_7954,2,4.2
CUST_7955,2,3.9499999999999997
CUST_7956,1,4.5
CUST_7957,1,4.3
CUST_7958,4,3.425
CUST_7959,2,4.35
CUST_7960,8,3.8625
CUST_7961,6,4.066666666666666
CUST_7962,4,3.725
CUST_7963,2,3.65
CUST_7964,2,3.4
CUST_7965,7,3.914285714285714
CUST_7966,2,3.85
CUST_7967,2,3.65
CUST_7968,3,4.1000000000000005
CUST_7969,3,4.133333333333334
CUST_7970,4,4.0
CUST_7971,3,3.7000000000000006
CUST_7972,3,4.066666666666666
CUST_7973,4,4.075
CUST_7974,8,4.35
CUST_7975,1,5.0
CUST_7976,2,4.550000000000001
CUST_7977,4,4.4
CUST_7978,5,3.8
CUST_7979,4,4.0
CUST_7980,2,4.25
CUST_7981,2,3.5
CUST_7982,3,3.933333333333333
CUST_7983,4,4.15
CUST_7984,3,4.466666666666667
CUST_7985,5,4.02
CUST_7986,2,3.75
CUST_7987,6,3.8000000000000003
CUST_7988,4,3.275
CUST_7989,5,3.88
CUST_7990,2,3.35
CUST_7991,4,3.675
CUST_7992,2,3.25
CUST_7993,4,4.4
CUST_7994,2,4.25
CUST_7995,1,4.7
CUST_7996,1,4.1
CUST_7997,10,3.97
CUST_7998,5,4.3
CUST_7999,3,4.3
CUST_8000,2,3.8
CUST_8001,4,3.5
CUST_8002,2,4.35
CUST_8003,1,4.5
CUST_8004,4,4.075
CUST_8005,4,4.225
CUST_8006,2,4.15
CUST_8007,6,4.066666666666666
CUST_8008,4,4.175
CUST_8009,3,4.3999999999999995
CUST_8010,4,4.1
CUST_8011,4,3.95
CUST_8012,3,3.7000000000000006
CUST_8014,7,4.4
CUST_8015,3,4.0
CUST_8016,1,4.0
CUST_8017,2,3.6
CUST_8018,5,3.7599999999999993
CUST_8019,5,3.94
CUST_8020,5,3.8
CUST_8021,6,3.75
CUST_8022,4,3.7
CUST_8023,3,4.733333333333333
CUST_8024,1,3.9
CUST_8025,4,3.375
CUST_8026,1,3.5
CUST_8027,4,3.95
CUST_8028,3,4.366666666666666
CUST_8029,3,3.9333333333333336
CUST_8030,4,3.825
CUST_8031,4,4.375
CUST_8032,4,4.45
CUST_8033,4,4.025
CUST_8034,3,4.2
CUST_8035,6,3.783333333333333
CUST_8036,4,3.625
CUST_8037,3,4.133333333333334
CUST_8039,3,3.533333333333333
CUST_8040,4,3.8
CUST_8041,4,4.050000000000001
CUST_8042,2,4.300000000000001
CUST_8043,5,3.66
CUST_8044,3,3.8666666666666667
CUST_8045,7,3.685714285714286
CUST_8046,8,3.9124999999999996
CUST_8048,3,3.733333333333333
CUST_8049,2,3.7
CUST_8050,2,3.6
CUST_8051,3,4.533333333333333
CUST_8052,4,3.9250000000000003
CUST_8053,1,4.2
CUST_8054,3,4.066666666666666
CUST_8055,6,3.9666666666666663
CUST_8056,3,3.6
CUST_8058,4,4.125
CUST_8059,6,3.9333333333333336
CUST_8060,4,3.65
CUST_8061,1,3.3
CUST_8062,3,3.6999999999999997
CUST_8063,3,4.133333333333334
CUST_8064,1,4.3
CUST_8065,5,4.12
CUST_8066,5,3.8
CUST_8067,3,3.9333333333333336
CUST_8068,5,3.7800000000000002
CUST_8069,6,3.6666666666666665
CUST_8070,1,3.0
CUST_8071,2,4.3
CUST_8072,1,3.6
CUST_8073,4,4.125
CUST_8074,5,4.359999999999999
CUST_8075,4,4.15
CUST_8076,3,4.0
CUST_8077,6,4.383333333333334
CUST_8078,3,4.066666666666666
CUST_8079,1,4.6
CUST_8080,4,4.275
CUST_8081,6,4.033333333333333
CUST_8082,3,3.1666666666666665
CUST_8083,3,4.2
CUST_8084,2,4.85
CUST_8085,5,4.220000000000001
CUST_8086,3,3.733333333333333
CUST_8087,1,4.2
CUST_8088,3,4.3
CUST_8089,1,4.7
CUST_8090,2,3.8499999999999996
CUST_8091,7,4.185714285714286
CUST_8092,2,3.35
CUST_8093,4,4.2
CUST_8094,1,4.4
CUST_8096,4,4.25
CUST_8098,3,3.8000000000000003
CUST_8099,3,4.333333333333333
CUST_8100,3,3.6999999999999997
CUST_8101,5,4.08
CUST_8102,1,3.8
CUST_8103,1,3.3
CUST_8104,2,3.9
CUST_8105,4,3.675
CUST_8106,4,4.3
CUST_8107,5,3.88
CUST_8108,6,4.033333333333333
CUST_8109,2,3.85
CUST_8110,4,4.35
CUST_8111,4,4.225
CUST_8112,2,4.6
CUST_8113,8,4.2625
CUST_8114,4,4.050000000000001
CUST_8115,4,4.0
CUST_8116,4,3.575
CUST_8117,1,3.9
CUST_8118,3,4.2
CUST_8119,2,3.35
CUST_8120,3,3.5333333333333337
CUST_8121,5,4.140000000000001
CUST_8122,4,3.55
CUST_8123,4,3.95
CUST_8124,2,3.95
CUST_8125,3,3.9666666666666663
CUST_8126,7,3.857142857142857
CUST_8128,4,4.025
CUST_8129,5,3.8
CUST_8130,5,3.6399999999999997
CUST_8131,2,4.25
CUST_8132,4,4.225
CUST_8133,7,4.3
CUST_8134,3,3.9333333333333336
CUST_8135,4,4.35
CUST_8136,2,3.5999999999999996
CUST_8137,2,3.8499999999999996
CUST_8138,3,3.6
CUST_8139,3,4.433333333333334
CUST_8140,7,3.7
CUST_8141,9,3.7777777777777777
CUST_8142,3,4.3999999999999995
CUST_8143,1,4.3
CUST_8144,4,3.825
CUST_8145,6,3.8666666666666667
CUST_8146,4,4.075
CUST_8147,3,3.733333333333333
CUST_8148,4,3.85
CUST_8149,1,3.7
CUST_8150,2,3.8
CUST_8151,2,3.95
CUST_8152,3,4.666666666666667
CUST_8153,1,4.5
CUST_8154,3,4.566666666666666
CUST_8155,2,3.8499999999999996
CUST_8156,4,4.125
CUST_8157,1,4.2
CUST_8158,5,4.1
CUST_8159,3,3.8666666666666667
CUST_8160,2,3.95
CUST_8161,4,3.825
CUST_8162,2,3.6500000000000004
CUST_8163,3,4.433333333333334
CUST_8164,1,4.1
CUST_8165,4,4.25
CUST_8166,3,3.6666666666666665
CUST_8167,5,4.5200000000000005
CUST_8168,5,4.0600000000000005
CUST_8169,1,3.3
CUST_8170,6,4.05
CUST_8171,4,3.95
CUST_8172,5,3.7
CUST_8173,3,3.9333333333333336
CUST_8174,3,3.9333333333333336
CUST_8175,4,3.6
CUST_8176,1,3.4
CUST_8177,5,4.04
CUST_8178,7,4.242857142857143
CUST_8179,3,3.5666666666666664
CUST_8180,3,4.233333333333333
CUST_8181,2,4.6
CUST_8182,4,4.05
CUST_8183,2,4.1
CUST_8184,2,4.5
CUST_8185,5,3.8
CUST_8186,1,3.3
CUST_8187,4,4.4
CUST_8189,2,4.2
CUST_8190,4,4.35
CUST_8191,5,3.7
CUST_8192,4,3.8
CUST_8193,3,3.766666666666667
CUST_8194,2,4.95
CUST_8195,4,4.575
CUST_8196,2,3.5
CUST_8197,4,3.35
CUST_8198,2,4.199999999999999
CUST_8199,1,3.9
CUST_8200,2,4.2
CUST_8201,2,3.95
CUST_8202,4,4.025
CUST_8203,3,3.6666666666666665
CUST_8204,4,3.5500000000000003
CUST_8205,2,4.2
CUST_8206,5,4.42
CUST_8207,2,4.0
CUST_8208,4,3.85
CUST_8209,5,3.72
CUST_8210,3,4.066666666666666
CUST_8211,3,4.133333333333334
CUST_8212,2,3.75
CUST_8213,2,3.55
CUST_8214,6,3.7999999999999994
CUST_8215,2,3.3
CUST_8216,3,3.5
CUST_8217,3,4.3
CUST_8218,5,3.66
CUST_8219,3,4.133333333333334
CUST_8220,6,3.9499999999999997
CUST_8222,6,3.6
CUST_8223,1,3.1
CUST_8224,4,4.2
CUST_8225,2,4.0
CUST_8226,2,3.9
CUST_8227,2,3.6999999999999997
CUST_8228,1,4.4
CUST_8229,1,4.3
CUST_8230,3,3.9333333333333336
CUST_8231,6,3.9500000000000006
CUST_8233,2,3.9
CUST_8234,5,3.8199999999999994
CUST_8235,4,3.625
CUST_8236,1,5.0
CUST_8237,2,4.2
CUST_8238,2,3.75
CUST_8239,5,3.88
CUST_8240,7,4.371428571428571
CUST_8241,2,3.9
CUST_8242,8,4.175
CUST_8243,2,3.4000000000000004
CUST_8244,4,4.0
CUST_8245,6,4.3999999999999995
CUST_8246,2,3.8
CUST_8247,5,4.0600000000000005
CUST_8248,2,3.85
CUST_8249,2,4.05
CUST_8250,5,4.0
CUST_8251,5,4.28
CUST_8252,2,3.45
CUST_8253,5,4.54
CUST_8254,3,4.066666666666666
CUST_8255,4,3.8
CUST_8256,3,3.966666666666667
CUST_8257,4,4.35
CUST_8258,3,4.1000000000000005
CUST_8259,6,4.433333333333334
CUST_8260,2,4.45
CUST_8261,2,3.7
CUST_8262,1,4.8
CUST_8263,1,3.8
CUST_8264,8,4.075
CUST_8265,3,4.066666666666666
CUST_8266,2,3.55
CUST_8267,2,4.1
CUST_8268,4,3.75
CUST_8269,1,4.1
CUST_8270,3,3.766666666666667
CUST_8271,5,4.32
CUST_8272,5,3.8200000000000003
CUST_8273,7,4.057142857142857
CUST_8274,3,3.966666666666667
CUST_8275,6,4.7
CUST_8276,4,4.4
CUST_8277,4,3.8
CUST_8278,2,4.449999999999999
CUST_8279,5,4.2
CUST_8280,2,4.35
CUST_8281,4,3.875
CUST_8282,4,3.7249999999999996
CUST_8283,2,3.3
CUST_8284,4,4.275
CUST_8285,4,3.45
CUST_8286,3,3.5666666666666664
CUST_8287,3,3.733333333333333
CUST_8288,2,3.5
CUST_8289,6,4.1499999999999995
CUST_8291,4,3.975
CUST_8292,6,4.2
CUST_8293,7,3.942857142857143
CUST_8294,1,4.3
CUST_8295,5,4.0
CUST_8296,3,4.433333333333334
CUST_8297,2,3.8
CUST_8298,3,3.8333333333333335
CUST_8299,3,3.9333333333333336
CUST_8300,3,4.1000000000000005
CUST_8301,3,4.233333333333333
CUST_8302,2,4.800000000000001
CUST_8303,3,4.566666666666666
CUST_8304,3,3.4333333333333336
CUST_8305,3,3.9333333333333336
CUST_8306,4,4.0
CUST_8307,2,3.9000000000000004
CUST_8308,6,3.983333333333333
CUST_8309,6,4.233333333333333
CUST_8310,2,4.05
CUST_8311,4,3.4
CUST_8312,2,4.25
CUST_8313,3,3.533333333333333
CUST_8314,2,4.7
CUST_8315,4,3.625
CUST_8316,1,4.5
CUST_8317,8,4.0375
CUST_8318,3,3.6666666666666665
CUST_8319,5,4.32
CUST_8320,5,3.9799999999999995
CUST_8322,2,4.0
CUST_8323,1,3.1
CUST_8324,5,4.1
CUST_8325,2,3.5999999999999996
CUST_8326,2,4.0
CUST_8327,4,4.4
CUST_8328,3,3.466666666666667
CUST_8329,3,3.966666666666667
CUST_8330,3,3.9333333333333336
CUST_8331,4,3.65
CUST_8332,1,3.5
CUST_8333,1,4.2
CUST_8334,2,4.05
CUST_8335,1,3.5
CUST_8336,2,3.9
CUST_8337,5,4.1
CUST_8338,2,4.550000000000001
CUST_8339,1,4.8
CUST_8340,2,4.6
CUST_8341,1,4.5
CUST_8342,2,3.75
CUST_8343,5,4.0600000000000005
CUST_8344,3,3.8666666666666667
CUST_8345,2,3.95
CUST_8346,2,3.4000000000000004
CUST_8347,4,3.775
CUST_8348,3,3.9333333333333336
CUST_8349,5,4.180000000000001
CUST_8350,7,3.7714285714285714
CUST_8351,2,3.65
CUST_8352,2,3.5999999999999996
CUST_8353,5,3.9599999999999995
CUST_8354,6,3.966666666666667
CUST_8355,4,4.3
CUST_8356,3,3.766666666666667
CUST_8357,6,3.6999999999999997
CUST_8358,1,4.3
CUST_8359,3,3.566666666666667
CUST_8360,4,4.125
CUST_8361,4,3.9
CUST_8362,5,3.6
CUST_8363,4,4.125
CUST_8364,6,3.9333333333333336
CUST_8365,5,3.96
CUST_8366,5,4.220000000000001
CUST_8367,2,4.25
CUST_8368,7,3.8000000000000003
CUST_8369,5,4.62
CUST_8370,3,4.333333333333333
CUST_8371,4,4.175
CUST_8372,4,4.2
CUST_8373,3,3.4333333333333336
CUST_8374,2,3.75
CUST_8375,2,4.4
CUST_8376,3,3.8000000000000003
CUST_8377,3,4.066666666666666
CUST_8378,5,3.6399999999999997
CUST_8379,3,4.2
CUST_8381,6,3.5833333333333335
CUST_8382,2,3.4
CUST_8383,3,4.433333333333333
CUST_8384,1,4.2
CUST_8385,6,4.1000000000000005
CUST_8386,1,4.3
CUST_8387,5,3.94
CUST_8388,3,3.8666666666666667
CUST_8389,1,3.4
CUST_8390,2,4.6
CUST_8391,5,3.94
CUST_8392,4,3.675
CUST_8393,5,3.9599999999999995
CUST_8394,1,4.8
CUST_8395,4,4.375
CUST_8396,4,4.0
CUST_8397,7,4.3428571428571425
CUST_8398,1,4.8
CUST_8399,4,4.125
CUST_8400,2,4.2
CUST_8401,5,3.88
CUST_8403,4,4.075
CUST_8404,6,4.283333333333333
CUST_8405,4,3.8
CUST_8406,3,4.466666666666666
CUST_8407,3,3.466666666666667
CUST_8408,3,4.3
CUST_8409,2,3.8
CUST_8410,2,3.8499999999999996
CUST_8411,7,3.942857142857143
CUST_8412,7,3.9714285714285715
CUST_8413,1,3.6
CUST_8414,3,4.3
CUST_8415,6,4.533333333333333
CUST_8416,2,3.5999999999999996
CUST_8417,2,3.7
CUST_8418,5,4.04
CUST_8419,2,4.35
CUST_8420,1,4.7
CUST_8421,3,4.033333333333333
CUST_8422,4,4.05
CUST_8423,3,3.9
CUST_8424,3,4.066666666666666
CUST_8425,5,3.9
CUST_8426,4,4.225
CUST_8427,1,3.6
CUST_8428,3,4.2
CUST_8429,6,3.8833333333333333
CUST_8430,8,3.9375
CUST_8431,4,3.95
CUST_8432,5,3.94
CUST_8433,9,3.711111111111111
CUST_8434,6,3.9333333333333336
CUST_8435,2,3.5
CUST_8436,3,4.233333333333333
CUST_8437,1,3.5
CUST_8438,4,4.175
CUST_8439,5,4.16
CUST_8440,4,3.5999999999999996
CUST_8441,3,4.1000000000000005
CUST_8442,1,3.9
CUST_8443,4,3.975
CUST_8444,5,4.1
CUST_8445,7,3.871428571428571
CUST_8446,2,3.55
CUST_8447,3,3.8000000000000003
CUST_8448,3,3.6333333333333333
CUST_8449,8,4.0
CUST_8450,4,3.7750000000000004
CUST_8451,5,3.34
CUST_8452,3,3.766666666666667
CUST_8453,2,4.1
CUST_8454,8,4.0875
CUST_8455,3,4.0
CUST_8457,1,5.0
CUST_8458,4,4.275
CUST_8460,6,4.166666666666667
CUST_8461,5,3.5799999999999996
CUST_8462,2,3.4000000000000004
CUST_8464,2,4.0
CUST_8465,3,3.733333333333334
CUST_8466,1,4.2
CUST_8467,1,3.7
CUST_8468,2,4.4
CUST_8469,5,4.1
CUST_8470,1,4.6
CUST_8471,5,3.9
CUST_8472,5,4.0600000000000005
CUST_8474,6,4.0
CUST_8475,5,4.32
CUST_8476,2,3.85
CUST_8477,1,3.6
CUST_8478,4,3.625
CUST_8479,4,4.15
CUST_8480,1,5.0
CUST_8481,4,4.15
CUST_8482,3,4.2
CUST_8483,5,4.0600000000000005
CUST_8484,2,3.95
CUST_8485,2,3.55
CUST_8486,8,3.8
CUST_8487,2,4.15
CUST_8488,5,4.16
CUST_8489,2,4.25
CUST_8490,3,3.9666666666666663
CUST_8491,3,4.566666666666666
CUST_8492,2,4.5
CUST_8493,3,4.0
CUST_8494,1,4.3
CUST_8495,2,4.25
CUST_8496,7,4.1571428571428575
CUST_8498,3,4.466666666666666
CUST_8499,5,4.0200000000000005
CUST_8500,3,4.2
CUST_8501,8,3.7625
CUST_8502,4,3.475
CUST_8503,4,4.15
CUST_8504,3,4.266666666666667
CUST_8505,3,3.5999999999999996
CUST_8506,2,4.3
CUST_8507,4,4.175
CUST_8508,2,3.65
CUST_8509,3,3.9333333333333336
CUST_8510,1,4.1
CUST_8511,4,3.95
CUST_8512,2,4.55
CUST_8513,2,4.35
CUST_8514,4,3.95
CUST_8515,3,4.233333333333333
CUST_8516,7,3.757142857142857
CUST_8517,5,3.8
CUST_8518,4,4.05
CUST_8519,2,4.6
CUST_8520,3,4.0
CUST_8521,2,4.6
CUST_8522,3,4.0
CUST_8523,2,4.25
CUST_8524,3,4.1000000000000005
CUST_8525,1,3.0
CUST_8526,5,3.9
CUST_8527,2,4.550000000000001
CUST_8528,3,4.2
CUST_8529,2,4.1
CUST_8530,5,3.54
CUST_8531,6,4.233333333333333
CUST_8532,3,4.666666666666667
CUST_8533,5,4.08
CUST_8534,1,4.8
CUST_8535,1,3.9
CUST_8536,3,4.2
CUST_8537,3,3.4666666666666663
CUST_8538,3,3.6999999999999997
CUST_8539,5,4.32
CUST_8540,8,3.6625
CUST_8541,4,4.075
CUST_8542,5,3.96
CUST_8543,1,4.5
CUST_8544,3,3.8333333333333335
CUST_8545,1,4.6
CUST_8546,6,4.133333333333334
CUST_8547,5,3.96
CUST_8548,8,4.0125
CUST_8549,3,4.233333333333333
CUST_8550,4,4.55
CUST_8551,5,3.88
CUST_8552,7,3.9857142857142853
CUST_8553,2,4.5
CUST_8554,4,3.75
CUST_8555,3,4.466666666666667
CUST_8556,2,3.85
CUST_8557,4,4.35
CUST_8558,4,3.725
CUST_8559,6,3.466666666666667
CUST_8560,6,4.0
CUST_8561,1,4.5
CUST_8562,2,4.050000000000001
CUST_8563,2,4.2
CUST_8564,4,3.95
CUST_8565,3,3.766666666666667
CUST_8566,2,3.7
CUST_8567,3,3.5666666666666664
CUST_8568,4,3.8000000000000003
CUST_8569,5,4.4
CUST_8570,3,3.6666666666666665
CUST_8571,3,3.6333333333333333
CUST_8572,2,3.65
CUST_8573,2,3.8
CUST_8574,1,4.5
CUST_8575,4,4.25
CUST_8576,4,4.025
CUST_8577,3,4.1000000000000005
CUST_8578,3,4.3999999999999995
CUST_8579,2,4.8
CUST_8580,6,3.766666666666667
CUST_8581,5,3.66
CUST_8582,3,3.8000000000000003
CUST_8583,3,4.233333333333333
CUST_8584,1,3.2
CUST_8585,2,3.4000000000000004
CUST_8586,6,4.266666666666667
CUST_8587,3,3.533333333333333
CUST_8588,2,4.35
CUST_8589,2,3.95
CUST_8590,5,3.8
CUST_8591,5,3.72
CUST_8592,1,3.1
CUST_8593,6,4.266666666666667
CUST_8594,5,4.12
CUST_8595,5,3.56
CUST_8596,6,3.85
CUST_8597,2,3.7
CUST_8598,6,3.5833333333333335
CUST_8599,3,4.0
CUST_8600,4,4.15
CUST_8601,4,3.825
CUST_8602,6,4.25
CUST_8604,1,4.4
CUST_8605,3,4.466666666666667
CUST_8606,8,3.625
CUST_8607,2,3.7
CUST_8608,3,4.466666666666667
CUST_8609,2,4.05
CUST_8610,1,3.7
CUST_8611,3,3.8333333333333335
CUST_8612,7,4.128571428571428
CUST_8613,3,3.9333333333333336
CUST_8614,2,4.35
CUST_8615,4,4.175
CUST_8616,6,3.8333333333333335
CUST_8617,5,4.279999999999999
CUST_8618,3,4.566666666666666
CUST_8619,3,4.633333333333334
CUST_8620,2,3.35
CUST_8621,1,3.7
CUST_8622,2,3.15
CUST_8623,2,3.9
CUST_8624,2,3.5
CUST_8625,2,3.4000000000000004
CUST_8626,1,4.7
CUST_8627,2,4.7
CUST_8628,3,4.0
CUST_8629,2,4.05
CUST_8630,3,3.766666666666667
CUST_8631,1,3.3
CUST_8632,3,3.6999999999999997
CUST_8633,3,4.5
CUST_8634,1,3.9
CUST_8635,4,4.1
CUST_8636,2,4.05
CUST_8637,1,3.8
CUST_8639,2,3.45
CUST_8640,3,4.566666666666666
CUST_8641,2,4.25
CUST_8642,4,4.225
CUST_8643,4,4.15
CUST_8644,6,3.8666666666666667
CUST_8645,5,3.5200000000000005
CUST_8646,1,4.0
CUST_8647,1,4.6
CUST_8648,3,4.133333333333334
CUST_8649,3,4.333333333333333
CUST_8650,2,3.8499999999999996
CUST_8651,1,3.7
CUST_8652,5,3.7399999999999998
CUST_8653,2,3.5
CUST_8654,3,4.433333333333334
CUST_8655,5,3.84
CUST_8656,4,3.625
CUST_8657,6,3.9500000000000006
CUST_8658,3,3.6999999999999997
CUST_8659,2,3.6
CUST_8660,4,4.1
CUST_8661,2,3.8
CUST_8662,2,4.95
CUST_8663,2,4.2
CUST_8666,2,4.2
CUST_8667,3,4.366666666666667
CUST_8668,4,4.475
CUST_8669,4,3.5999999999999996
CUST_8670,1,3.0
CUST_8671,1,3.6
CUST_8672,4,3.225
CUST_8673,4,3.875
CUST_8674,5,4.0600000000000005
CUST_8675,4,4.25
CUST_8676,3,4.3
CUST_8677,1,3.8
CUST_8678,2,4.800000000000001
CUST_8679,8,4.05
CUST_8680,3,3.8333333333333335
CUST_8681,2,3.55
CUST_8682,4,4.1
CUST_8683,1,4.0
CUST_8684,1,4.3
CUST_8685,3,4.233333333333333
CUST_8686,2,4.25
CUST_8687,4,3.625
CUST_8688,5,4.42
CUST_8689,1,4.7
CUST_8690,1,3.2
CUST_8691,1,4.3
CUST_8692,6,4.3
CUST_8693,3,3.8000000000000003
CUST_8694,1,3.3
CUST_8695,5,3.8199999999999994
CUST_8696,3,3.7000000000000006
CUST_8697,4,4.6
CUST_8698,5,3.88
CUST_8699,4,3.675
CUST_8700,4,4.05
CUST_8701,2,3.65
CUST_8702,5,3.7
CUST_8703,4,3.8499999999999996
CUST_8704,5,3.9799999999999995
CUST_8705,5,3.8600000000000003
CUST_8706,3,3.8333333333333335
CUST_8707,4,3.55
CUST_8708,5,3.9799999999999995
CUST_8709,2,4.550000000000001
CUST_8710,1,4.5
CUST_8711,5,3.3200000000000003
CUST_8712,4,4.35
CUST_8713,5,4.0600000000000005
CUST_8714,2,4.3
CUST_8715,5,4.32
CUST_8716,5,4.0200000000000005
CUST_8717,3,3.6999999999999997
CUST_8718,2,3.45
CUST_8719,3,3.8333333333333335
CUST_8720,3,4.733333333333333
CUST_8722,3,3.5
CUST_8723,4,4.2
CUST_8724,3,4.533333333333333
CUST_8725,3,3.766666666666667
CUST_8726,2,3.8
CUST_8727,4,3.8
CUST_8728,3,3.9
CUST_8729,2,3.5999999999999996
CUST_8730,2,3.55
CUST_8731,4,4.025
CUST_8732,2,4.1
CUST_8733,2,4.8
CUST_8734,4,4.725
CUST_8735,2,4.199999999999999
CUST_8736,6,4.333333333333333
CUST_8737,3,3.966666666666667
CUST_8738,5,4.0200000000000005
CUST_8739,2,3.55
CUST_8740,4,3.75
CUST_8741,2,4.6
CUST_8742,3,3.766666666666667
CUST_8743,4,3.6500000000000004
CUST_8744,3,4.0
CUST_8745,2,4.0
CUST_8746,3,4.1000000000000005
CUST_8747,1,3.6
CUST_8748,2,4.35
CUST_8749,4,3.6
CUST_8750,2,4.35
CUST_8751,2,3.95
CUST_8752,5,3.94
CUST_8753,6,3.5500000000000003
CUST_8754,2,4.35
CUST_8755,3,4.433333333333334
CUST_8756,7,4.128571428571428
CUST_8757,2,4.5
CUST_8758,8,3.9875
CUST_8759,3,4.133333333333334
CUST_8760,6,4.3999999999999995
CUST_8761,6,3.9166666666666665
CUST_8762,4,4.5
CUST_8763,5,4.38
CUST_8764,7,4.042857142857143
CUST_8765,5,4.640000000000001
CUST_8766,2,4.2
CUST_8767,1,5.0
CUST_8768,4,4.35
CUST_8769,2,4.050000000000001
CUST_8770,2,3.85
CUST_8771,3,3.766666666666667
CUST_8772,4,4.4
CUST_8773,5,3.96
CUST_8774,2,3.6999999999999997
CUST_8775,7,3.685714285714286
CUST_8776,3,3.8000000000000003
CUST_8777,2,4.0
CUST_8778,5,3.96
CUST_8779,5,4.48
CUST_8780,7,4.285714285714286
CUST_8781,1,4.7
CUST_8782,1,3.5
CUST_8783,1,4.1
CUST_8784,5,3.8600000000000003
CUST_8785,7,3.957142857142857
CUST_8786,4,3.5
CUST_8787,4,3.6
CUST_8788,3,4.133333333333334
CUST_8789,1,3.9
CUST_8790,4,4.275
CUST_8792,4,4.45
CUST_8793,4,3.725
CUST_8794,4,3.575
CUST_8795,2,3.75
CUST_8796,6,3.966666666666667
CUST_8797,1,4.8
CUST_8798,4,3.825
CUST_8799,4,3.75
CUST_8800,2,3.3
CUST_8801,5,4.2
CUST_8802,9,4.2555555555555555
CUST_8803,5,3.62
CUST_8804,2,4.0
CUST_8805,5,4.0200000000000005
CUST_8806,1,4.3
CUST_8807,6,4.266666666666667
CUST_8808,4,3.85
CUST_8809,3,4.666666666666667
CUST_8810,1,4.6
CUST_8811,7,3.9857142857142853
CUST_8812,6,3.8666666666666667
CUST_8813,3,3.466666666666667
CUST_8814,5,4.36
CUST_8815,1,3.4
CUST_8816,6,3.9
CUST_8817,4,4.7
CUST_8818,1,4.3
CUST_8819,1,4.1
CUST_8820,4,3.9
CUST_8821,3,3.466666666666667
CUST_8822,3,4.033333333333334
CUST_8823,2,4.5
CUST_8824,2,3.35
CUST_8825,3,3.9
CUST_8826,5,4.42
CUST_8827,3,3.8333333333333335
CUST_8828,4,4.225
CUST_8829,3,4.066666666666666
CUST_8830,1,4.5
CUST_8831,4,4.075
CUST_8832,1,4.3
CUST_8833,2,4.05
CUST_8834,1,4.9
CUST_8835,6,4.016666666666667
CUST_8836,6,4.516666666666667
CUST_8837,5,3.84
CUST_8838,4,4.325
CUST_8839,3,3.8000000000000003
CUST_8840,2,4.15
CUST_8841,1,3.8
CUST_8842,4,4.225
CUST_8843,9,4.022222222222222
CUST_8844,4,3.9
CUST_8845,2,3.6
CUST_8846,6,4.3
CUST_8847,6,4.016666666666667
CUST_8848,5,3.6799999999999997
CUST_8849,3,4.2
CUST_8850,4,3.325
CUST_8851,4,3.75
CUST_8852,2,4.15
CUST_8853,4,4.225
CUST_8854,1,3.9
CUST_8855,2,3.55
CUST_8856,4,3.825
CUST_8857,4,4.0
CUST_8858,3,4.1000000000000005
CUST_8859,4,4.025
CUST_8860,3,3.5
CUST_8861,4,4.025
CUST_8862,3,4.366666666666667
CUST_8863,3,3.6999999999999997
CUST_8864,4,3.7
CUST_8865,2,4.05
CUST_8867,3,3.733333333333333
CUST_8868,3,4.266666666666667
CUST_8869,3,4.1000000000000005
CUST_8870,5,4.279999999999999
CUST_8871,9,4.0
CUST_8872,5,3.9
CUST_8873,4,3.925
CUST_8875,3,4.466666666666667
CUST_8876,2,4.7
CUST_8877,4,3.8000000000000003
CUST_8878,3,3.6333333333333333
CUST_8879,2,4.15
CUST_8880,1,4.9
CUST_8881,3,4.0
CUST_8882,4,4.175
CUST_8883,6,4.1000000000000005
CUST_8884,4,4.125
CUST_8885,3,3.7999999999999994
CUST_8886,2,4.449999999999999
CUST_8887,3,4.3999999999999995
CUST_8888,3,4.333333333333333
CUST_8889,2,4.35
CUST_8890,6,3.6
CUST_8891,3,4.0
CUST_8892,2,4.1
CUST_8894,3,3.8666666666666667
CUST_8895,2,4.25
CUST_8896,4,4.075
CUST_8897,3,3.9333333333333336
CUST_8898,3,4.3
CUST_8899,8,4.15
CUST_8900,4,4.075
CUST_8901,4,3.8
CUST_8903,2,3.7
CUST_8904,3,3.9
CUST_8905,2,3.3
CUST_8906,5,4.4799999999999995
CUST_8907,3,3.766666666666667
CUST_8908,3,3.966666666666667
CUST_8909,3,3.8000000000000003
CUST_8910,3,4.0
CUST_8911,2,3.7
CUST_8912,5,4.26
CUST_8913,2,4.05
CUST_8914,4,4.199999999999999
CUST_8915,2,4.0
CUST_8916,4,3.575
CUST_8917,4,4.05
CUST_8918,4,4.025
CUST_8919,5,4.16
CUST_8920,3,4.033333333333333
CUST_8921,3,4.033333333333333
CUST_8923,1,4.0
CUST_8924,4,4.175
CUST_8925,6,4.133333333333334
CUST_8926,3,3.9666666666666663
CUST_8927,5,3.5799999999999996
CUST_8928,1,3.1
CUST_8929,2,4.2
CUST_8930,2,4.0
CUST_8931,2,4.4
CUST_8932,4,3.625
CUST_8933,7,4.185714285714286
CUST_8934,2,4.199999999999999
CUST_8935,3,4.166666666666667
CUST_8936,3,3.233333333333333
CUST_8937,3,3.966666666666667
CUST_8938,6,3.85
CUST_8939,4,3.9
CUST_8940,3,3.966666666666667
CUST_8941,3,4.2
CUST_8942,4,3.4
CUST_8944,4,4.4
CUST_8945,3,3.9333333333333336
CUST_8946,1,4.1
CUST_8947,3,3.6
CUST_8948,2,4.3
CUST_8949,2,4.6
CUST_8950,2,4.5
CUST_8951,3,3.8333333333333335
CUST_8952,4,4.075
CUST_8953,4,3.6
CUST_8954,3,3.9333333333333336
CUST_8955,4,3.825
CUST_8956,4,3.525
CUST_8957,3,3.3333333333333335
CUST_8959,1,3.4
CUST_8960,5,4.22
CUST_8961,7,4.042857142857143
CUST_8962,5,3.78
CUST_8964,4,3.95
CUST_8965,4,4.375
CUST_8966,4,3.875
CUST_8967,6,3.6833333333333336
CUST_8968,2,3.8499999999999996
CUST_8969,1,4.1
CUST_8970,3,3.6
CUST_8971,6,3.966666666666667
CUST_8972,4,3.875
CUST_8973,6,3.9
CUST_8974,2,3.9000000000000004
CUST_8975,3,3.9333333333333336
CUST_8976,7,3.457142857142857
CUST_8977,2,3.9
CUST_8978,3,3.6666666666666665
CUST_8979,3,3.733333333333333
CUST_8982,6,3.733333333333333
CUST_8983,3,3.766666666666667
CUST_8984,4,3.65
CUST_8985,2,3.9
CUST_8986,3,3.3000000000000003
CUST_8987,6,3.983333333333333
CUST_8988,3,4.266666666666667
CUST_8989,4,4.475
CUST_8991,2,4.65
CUST_8992,6,3.8000000000000003
CUST_8993,4,4.35
CUST_8994,2,3.75
CUST_8995,1,3.8
CUST_8996,1,3.2
CUST_8997,1,3.3
CUST_8998,1,4.1
CUST_8999,8,3.95
CUST_9000,4,4.325
CUST_9001,4,3.4
CUST_9002,1,3.8
CUST_9004,6,4.166666666666667
CUST_9005,6,4.033333333333333
CUST_9006,1,3.6
CUST_9007,2,4.25
CUST_9008,4,3.9749999999999996
CUST_9009,5,4.06
CUST_9010,4,4.175
CUST_9011,6,4.083333333333333
CUST_9012,2,3.55
CUST_9013,6,3.733333333333333
CUST_9014,4,3.725
CUST_9015,6,4.016666666666667
CUST_9016,1,3.6
CUST_9017,3,3.733333333333333
CUST_9018,1,3.5
CUST_9019,2,3.8
CUST_9020,5,3.9
CUST_9021,6,4.383333333333334
CUST_9022,4,4.075
CUST_9023,1,4.6
CUST_9025,2,3.8
CUST_9026,3,4.133333333333333
CUST_9027,3,3.9666666666666663
CUST_9028,2,4.1
CUST_9029,4,4.55
CUST_9031,4,3.875
CUST_9032,3,4.133333333333334
CUST_9033,4,3.825
CUST_9034,4,3.7750000000000004
CUST_9035,4,4.225
CUST_9036,5,4.08
CUST_9037,7,3.9857142857142853
CUST_9038,2,4.6
CUST_9039,4,4.15
CUST_9040,4,3.9
CUST_9041,4,3.8499999999999996
CUST_9042,4,4.25
CUST_9043,5,3.5
CUST_9044,1,3.1
CUST_9045,1,4.8
CUST_9046,3,3.766666666666666
CUST_9047,2,4.4
CUST_9048,2,4.449999999999999
CUST_9049,4,3.825
CUST_9050,3,3.966666666666667
CUST_9051,5,3.8200000000000003
CUST_9052,4,4.2
CUST_9053,3,3.733333333333333
CUST_9054,1,3.7
CUST_9055,8,4.175
CUST_9056,6,4.133333333333334
CUST_9057,5,3.7599999999999993
CUST_9058,1,3.2
CUST_9059,3,3.6666666666666665
CUST_9060,3,4.166666666666667
CUST_9061,5,3.8
CUST_9062,1,3.7
CUST_9063,3,3.9666666666666663
CUST_9064,6,4.033333333333333
CUST_9065,1,3.2
CUST_9066,2,4.65
CUST_9067,2,3.6999999999999997
CUST_9068,2,3.2
CUST_9069,3,3.1333333333333333
CUST_9070,3,4.1000000000000005
CUST_9071,6,3.6833333333333336
CUST_9072,5,3.7800000000000002
CUST_9073,3,3.8333333333333335
CUST_9074,7,4.142857142857143
CUST_9076,4,4.5
CUST_9077,7,4.1
CUST_9078,4,3.85
CUST_9079,2,4.75
CUST_9081,3,3.8666666666666667
CUST_9082,4,4.0249999999999995
CUST_9083,5,3.72
CUST_9084,7,4.114285714285715
CUST_9085,3,3.8333333333333335
CUST_9086,4,4.025
CUST_9087,2,4.5
CUST_9088,1,4.7
CUST_9089,2,4.95
CUST_9090,3,4.233333333333333
CUST_9091,1,3.0
CUST_9092,4,4.35
CUST_9093,2,4.65
CUST_9094,2,4.45
CUST_9095,4,4.675
CUST_9096,3,4.466666666666667
CUST_9097,4,4.075
CUST_9098,2,3.6
CUST_9099,7,4.0
CUST_9100,2,4.1
CUST_9101,2,4.55
CUST_9102,4,4.05
CUST_9103,1,4.5
CUST_9104,2,3.65
CUST_9105,4,4.35
CUST_9106,2,4.45
CUST_9107,4,4.175
CUST_9108,8,4.325
CUST_9109,4,4.375
CUST_9110,4,3.875
CUST_9112,3,3.733333333333333
CUST_9113,4,3.575
CUST_9114,5,4.04
CUST_9115,8,3.8625
CUST_9116,2,4.05
CUST_9117,3,3.6666666666666665
CUST_9118,3,4.5
CUST_9119,4,3.675
CUST_9120,2,4.35
CUST_9121,3,4.033333333333333
CUST_9122,3,4.1000000000000005
CUST_9123,5,4.1
CUST_9124,3,3.766666666666667
CUST_9125,3,3.5666666666666664
CUST_9126,4,4.325
CUST_9127,2,4.3
CUST_9128,4,3.65
CUST_9129,8,3.9
CUST_9131,2,3.65
CUST_9132,7,3.7857142857142856
CUST_9133,7,4.142857142857143
CUST_9134,1,3.0
CUST_9135,4,3.525
CUST_9136,2,3.45
CUST_9137,5,4.14
CUST_9138,3,4.3
CUST_9140,3,4.466666666666667
CUST_9141,4,4.5
CUST_9142,3,4.066666666666666
CUST_9143,5,4.36
CUST_9144,3,4.066666666666666
CUST_9145,3,4.266666666666667
CUST_9146,5,4.08
CUST_9147,2,4.4
CUST_9148,5,4.34
CUST_9149,2,3.95
CUST_9150,1,3.3
CUST_9151,7,4.2
CUST_9152,2,3.4
CUST_9153,4,4.225
CUST_9154,6,3.9499999999999997
CUST_9155,2,3.85
CUST_9156,4,4.2
CUST_9157,1,3.6
CUST_9158,3,3.5666666666666664
CUST_9159,4,4.075
CUST_9160,2,4.449999999999999
CUST_9161,4,3.65
CUST_9162,2,3.8
CUST_9163,4,4.025
CUST_9165,4,4.2
CUST_9166,2,3.6500000000000004
CUST_9167,3,4.233333333333333
CUST_9168,1,5.0
CUST_9169,4,4.075
CUST_9170,2,4.1
CUST_9171,4,4.2
CUST_9172,3,4.266666666666667
CUST_9173,3,3.6
CUST_9174,5,4.08
CUST_9175,4,4.0249999999999995
CUST_9176,2,4.3
CUST_9177,4,3.775
CUST_9178,1,3.8
CUST_9179,6,3.9166666666666665
CUST_9180,4,4.075
CUST_9181,1,4.3
CUST_9182,3,3.5666666666666664
CUST_9183,2,3.4000000000000004
CUST_9185,7,4.228571428571429
CUST_9186,4,3.825
CUST_9187,2,3.3499999999999996
CUST_9188,3,3.4333333333333336
CUST_9189,6,3.766666666666667
CUST_9190,2,4.45
CUST_9191,3,3.6999999999999997
CUST_9192,4,4.125
CUST_9193,3,4.333333333333333
CUST_9194,1,4.8
CUST_9195,5,4.0
CUST_9196,2,4.6
CUST_9197,3,3.8000000000000003
CUST_9198,2,3.7
CUST_9199,9,3.9111111111111114
CUST_9200,2,4.65
CUST_9201,4,4.025
CUST_9202,6,3.9333333333333336
CUST_9203,2,3.5
CUST_9204,1,3.6
CUST_9205,3,3.8000000000000003
CUST_9206,3,4.366666666666666
CUST_9207,3,3.5999999999999996
CUST_9208,3,3.6999999999999997
CUST_9209,4,4.275
CUST_9210,1,3.2
CUST_9211,1,4.5
CUST_9212,4,3.725
CUST_9213,1,3.3
CUST_9214,3,3.966666666666667
CUST_9215,3,4.133333333333334
CUST_9216,3,4.3999999999999995
CUST_9217,2,4.3
CUST_9218,2,3.45
CUST_9220,4,4.175
CUST_9221,5,3.94
CUST_9222,5,4.18
CUST_9223,1,3.6
CUST_9224,3,4.3
CUST_9225,5,4.2
CUST_9226,3,4.366666666666667
CUST_9227,3,3.6333333333333333
CUST_9228,5,4.08
CUST_9229,3,3.5
CUST_9230,6,4.25
CUST_9231,6,3.3333333333333335
CUST_9232,3,4.1000000000000005
CUST_9233,2,4.85
CUST_9234,3,3.6666666666666665
CUST_9235,3,4.3999999999999995
CUST_9236,1,4.5
CUST_9237,4,3.75
CUST_9238,3,3.8666666666666667
CUST_9239,1,4.0
CUST_9240,2,3.25
CUST_9241,2,4.0
CUST_9242,2,3.6500000000000004
CUST_9243,6,4.133333333333333
CUST_9244,1,3.6
CUST_9245,4,3.225
CUST_9246,4,3.775
CUST_9247,7,3.8999999999999995
CUST_9248,10,3.8299999999999996
CUST_9249,3,3.733333333333333
CUST_9250,2,3.95
CUST_9251,2,4.4
CUST_9252,3,3.766666666666667
CUST_9253,3,3.6999999999999997
CUST_9254,4,3.95
CUST_9255,5,3.84
CUST_9256,3,4.266666666666667
CUST_9257,3,4.266666666666667
CUST_9258,1,4.1
CUST_9259,2,3.6
CUST_9260,4,3.875
CUST_9261,5,4.26
CUST_9262,2,3.3499999999999996
CUST_9263,1,3.6
CUST_9264,3,4.033333333333334
CUST_9265,6,4.0
CUST_9266,3,3.966666666666667
CUST_9267,3,3.5
CUST_9268,3,3.4333333333333336
CUST_9269,2,3.6
CUST_9270,4,4.2
CUST_9271,2,4.0
CUST_9272,2,4.4
CUST_9273,2,4.9
CUST_9274,3,3.8000000000000003
CUST_9275,1,3.2
CUST_9276,4,4.2
CUST_9277,3,4.766666666666667
CUST_9278,2,4.15
CUST_9279,2,4.0
CUST_9280,2,3.5999999999999996
CUST_9281,6,4.266666666666667
CUST_9282,3,4.3999999999999995
CUST_9283,5,4.1
CUST_9284,6,4.033333333333333
CUST_9285,2,3.95
CUST_9286,3,4.233333333333333
CUST_9287,6,4.233333333333333
CUST_9288,3,4.0
CUST_9289,4,3.9
CUST_9290,3,3.8333333333333335
CUST_9291,2,3.05
CUST_9292,3,3.466666666666667
CUST_9294,3,4.3999999999999995
CUST_9295,3,4.2
CUST_9296,1,3.5
CUST_9297,2,3.5
CUST_9298,1,5.0
CUST_9299,4,4.225
CUST_9300,3,3.9333333333333336
CUST_9301,7,4.057142857142857
CUST_9302,3,3.733333333333333
CUST_9303,1,3.1
CUST_9304,2,3.5999999999999996
CUST_9305,4,3.95
CUST_9306,4,3.7
CUST_9307,3,4.066666666666666
CUST_9308,5,3.66
CUST_9309,3,4.1000000000000005
CUST_9310,3,4.066666666666666
CUST_9311,6,4.05
CUST_9312,5,4.4399999999999995
CUST_9313,5,3.88
CUST_9314,5,4.32
CUST_9315,5,3.94
CUST_9316,4,4.025
CUST_9317,6,4.166666666666667
CUST_9318,2,4.15
CUST_9320,2,3.35
CUST_9321,4,4.0
CUST_9322,2,4.15
CUST_9323,1,3.8
CUST_9324,3,3.733333333333333
CUST_9325,1,5.0
CUST_9326,4,4.025
CUST_9327,3,4.3
CUST_9328,5,4.0600000000000005
CUST_9329,3,4.5
CUST_9331,3,3.6
CUST_9332,3,4.466666666666666
CUST_9333,4,4.25
CUST_9334,6,3.8000000000000003
CUST_9335,6,4.083333333333333
CUST_9336,3,3.9333333333333336
CUST_9337,4,4.125
CUST_9338,3,3.733333333333333
CUST_9339,1,4.3
CUST_9340,5,4.0
CUST_9341,5,4.12
CUST_9342,3,4.166666666666667
CUST_9343,2,4.6
CUST_9344,2,4.35
CUST_9345,2,4.2
CUST_9346,4,3.275
CUST_9347,2,3.5
CUST_9348,5,3.7600000000000002
CUST_9349,1,3.6
CUST_9350,3,4.133333333333334
CUST_9351,2,3.4
CUST_9353,3,4.2
CUST_9354,2,4.35
CUST_9355,3,3.9
CUST_9356,2,4.050000000000001
CUST_9357,1,4.2
CUST_9359,3,3.466666666666667
CUST_9360,3,4.366666666666666
CUST_9361,3,3.966666666666667
CUST_9362,3,3.966666666666667
CUST_9363,4,4.65
CUST_9364,5,4.18
CUST_9365,1,3.5
CUST_9366,3,3.6999999999999997
CUST_9367,2,3.5999999999999996
CUST_9368,4,3.675
CUST_9369,4,4.1
CUST_9370,5,4.08
CUST_9371,3,3.8333333333333335
CUST_9372,5,3.7399999999999998
CUST_9373,2,3.25
CUST_9374,4,4.1
CUST_9375,3,3.6333333333333333
CUST_9376,2,3.45
CUST_9377,3,3.966666666666667
CUST_9378,5,4.38
CUST_9379,5,3.72
CUST_9380,2,3.3
CUST_9381,4,3.9
CUST_9382,1,4.4
CUST_9383,7,4.214285714285714
CUST_9384,4,3.8
CUST_9385,2,4.449999999999999
CUST_9386,4,4.2
CUST_9387,1,3.6
CUST_9388,5,4.24
CUST_9389,1,4.2
CUST_9390,1,3.9
CUST_9391,4,3.9749999999999996
CUST_9392,3,4.066666666666666
CUST_9393,4,4.35
CUST_9394,4,3.925
CUST_9395,2,3.5
CUST_9396,4,3.925
CUST_9397,4,3.75
CUST_9398,4,4.25
CUST_9399,7,4.014285714285714
CUST_9401,4,3.775
CUST_9402,1,3.4
CUST_9404,4,3.9
CUST_9405,1,3.4
CUST_9406,1,4.0
CUST_9407,3,4.133333333333334
CUST_9408,4,3.9
CUST_9409,6,4.116666666666666
CUST_9410,4,3.75
CUST_9411,6,3.9499999999999997
CUST_9412,6,3.6999999999999997
CUST_9413,3,3.9333333333333336
CUST_9414,2,4.9
CUST_9415,2,3.35
CUST_9416,4,3.725
CUST_9417,1,3.8
CUST_9418,4,4.300000000000001
CUST_9419,4,3.825
CUST_9420,2,4.25
CUST_9422,3,3.6333333333333333
CUST_9423,5,3.94
CUST_9424,5,4.46
CUST_9425,3,3.8000000000000003
CUST_9426,4,4.325
CUST_9427,2,4.6
CUST_9428,2,3.9
CUST_9429,2,3.1
CUST_9430,1,3.2
CUST_9431,2,4.35
CUST_9432,5,3.88
CUST_9433,8,4.2125
CUST_9434,1,3.2
CUST_9435,2,4.1
CUST_9436,5,3.9
CUST_9437,3,3.6333333333333333
CUST_9438,3,3.6333333333333333
CUST_9439,1,3.1
CUST_9442,6,3.75
CUST_9443,2,4.25
CUST_9444,6,3.8833333333333333
CUST_9445,1,3.4
CUST_9446,2,4.550000000000001
CUST_9447,2,4.8
CUST_9448,3,3.866666666666667
CUST_9449,1,3.8
CUST_9450,3,4.3999999999999995
CUST_9451,2,4.3
CUST_9452,3,4.366666666666667
CUST_9453,1,4.3
CUST_9454,2,3.95
CUST_9456,6,4.166666666666667
CUST_9457,2,4.65
CUST_9458,4,4.4
CUST_9459,7,3.6
CUST_9460,2,4.9
CUST_9461,2,4.0
CUST_9462,4,4.125
CUST_9463,3,4.2
CUST_9464,3,4.3
CUST_9465,3,4.333333333333333
CUST_9466,4,4.199999999999999
CUST_9467,4,3.9749999999999996
CUST_9468,4,3.725
CUST_9469,2,3.95
CUST_9470,9,3.6666666666666665
CUST_9471,5,4.220000000000001
CUST_9472,2,4.1
CUST_9473,1,3.0
CUST_9474,4,4.05
CUST_9475,3,4.333333333333333
CUST_9476,6,4.033333333333333
CUST_9477,1,3.3
CUST_9478,1,4.5
CUST_9479,2,3.7
CUST_9480,3,4.466666666666667
CUST_9481,3,4.166666666666667
CUST_9482,4,3.925
CUST_9483,1,4.7
CUST_9484,2,4.0
CUST_9485,1,3.9
CUST_9486,5,3.9799999999999995
CUST_9487,2,4.0
CUST_9488,2,4.1
CUST_9489,2,3.95
CUST_9490,3,3.6333333333333333
CUST_9491,2,3.5999999999999996
CUST_9492,1,3.1
CUST_9494,3,3.6999999999999997
CUST_9495,3,3.7000000000000006
CUST_9496,7,3.7714285714285714
CUST_9497,5,4.46
CUST_9498,3,4.533333333333333
CUST_9499,3,3.1666666666666665
CUST_9500,3,4.333333333333333
CUST_9501,6,3.8666666666666667
CUST_9502,6,4.3500000000000005
CUST_9503,3,3.533333333333333
CUST_9504,2,3.8
CUST_9505,2,3.95
CUST_9507,1,4.0
CUST_9508,4,4.225
CUST_9509,3,3.2999999999999994
CUST_9510,4,4.1499999999999995
CUST_9511,1,4.4
CUST_9512,2,4.1
CUST_9513,1,3.7
CUST_9514,6,4.416666666666667
CUST_9515,7,3.9428571428571426
CUST_9516,4,4.0
CUST_9517,1,4.5
CUST_9518,8,3.9
CUST_9519,3,4.3
CUST_9520,5,4.4
CUST_9521,2,3.45
CUST_9522,2,4.1
CUST_9523,4,4.425
CUST_9524,4,3.725
CUST_9525,2,3.45
CUST_9526,3,3.9
CUST_9527,1,4.2
CUST_9528,2,3.55
CUST_9529,6,4.3500000000000005
CUST_9530,5,4.66
CUST_9531,3,3.9
CUST_9532,3,4.3
CUST_9533,1,3.5
CUST_9534,2,4.35
CUST_9535,3,4.566666666666666
CUST_9536,5,4.16
CUST_9537,5,4.02
CUST_9538,2,4.050000000000001
CUST_9539,1,4.1
CUST_9540,4,4.0
CUST_9541,4,4.175
CUST_9542,1,4.6
CUST_9543,3,4.566666666666666
CUST_9544,2,3.7
CUST_9547,3,4.233333333333333
CUST_9548,8,3.9499999999999997
CUST_9549,1,3.2
CUST_9550,2,4.4
CUST_9551,3,3.8000000000000003
CUST_9552,6,4.2
CUST_9553,3,4.0
CUST_9555,3,3.6999999999999997
CUST_9556,4,3.725
CUST_9557,2,3.85
CUST_9558,3,4.233333333333333
CUST_9559,1,4.1
CUST_9560,2,4.0
CUST_9561,6,3.8333333333333335
CUST_9562,1,4.5
CUST_9563,5,3.96
CUST_9564,7,3.7285714285714286
CUST_9565,4,4.0
CUST_9566,4,4.3
CUST_9567,1,4.0
CUST_9568,5,3.96
CUST_9569,3,3.6
CUST_9570,9,3.9111111111111114
CUST_9571,3,3.3666666666666667
CUST_9572,3,4.066666666666666
CUST_9573,3,3.633333333333333
CUST_9574,6,3.983333333333333
CUST_9575,2,4.05
CUST_9576,3,3.9333333333333336
CUST_9577,4,4.15
CUST_9578,3,4.1
CUST_9579,1,4.3
CUST_9580,1,3.6
CUST_9581,3,4.133333333333334
CUST_9582,3,3.9
CUST_9583,4,4.325
CUST_9584,6,4.216666666666667
CUST_9585,3,4.2
CUST_9586,3,4.166666666666667
CUST_9587,2,3.55
CUST_9588,2,3.95
CUST_9589,5,4.2
CUST_9590,2,3.9000000000000004
CUST_9591,5,4.42
CUST_9592,7,3.5285714285714285
CUST_9593,6,3.9
CUST_9594,2,4.1
CUST_9595,3,4.0
CUST_9596,3,4.3
CUST_9597,2,4.1
CUST_9598,6,3.966666666666667
CUST_9599,1,4.4
CUST_9600,2,4.0
CUST_9601,1,4.4
CUST_9602,5,3.7
CUST_9603,2,3.8
CUST_9604,4,4.4
CUST_9605,7,4.171428571428572
CUST_9606,3,4.166666666666667
CUST_9607,2,4.55
CUST_9608,3,4.3999999999999995
CUST_9609,3,3.733333333333333
CUST_9610,3,3.6333333333333333
CUST_9611,2,4.3
CUST_9612,2,3.4
CUST_9613,4,3.7750000000000004
CUST_9614,1,4.5
CUST_9615,9,4.133333333333334
CUST_9617,4,4.5
CUST_9618,5,4.1
CUST_9619,2,4.4
CUST_9620,1,3.9
CUST_9621,4,4.15
CUST_9622,2,3.6500000000000004
CUST_9623,2,4.1
CUST_9624,2,4.05
CUST_9625,5,4.2
CUST_9626,1,4.2
CUST_9627,6,4.016666666666667
CUST_9628,1,3.9
CUST_9629,3,4.033333333333334
CUST_9630,4,3.875
CUST_9631,5,3.8199999999999994
CUST_9632,2,3.65
CUST_9633,5,4.16
CUST_9634,2,4.0
CUST_9635,2,3.9
CUST_9636,1,3.4
CUST_9637,3,4.166666666666667
CUST_9638,3,3.266666666666667
CUST_9639,2,3.6999999999999997
CUST_9640,1,4.5
CUST_9641,3,3.766666666666667
CUST_9642,2,4.55
CUST_9643,1,3.9
CUST_9644,2,4.45
CUST_9645,3,4.1000000000000005
CUST_9646,3,4.633333333333334
CUST_9647,7,3.757142857142857
CUST_9648,3,3.8333333333333335
CUST_9649,1,3.0
CUST_9650,1,3.4
CUST_9652,3,3.9
CUST_9653,4,3.6999999999999997
CUST_9654,1,4.7
CUST_9655,2,4.25
CUST_9656,5,3.9
CUST_9657,2,4.0
CUST_9658,1,4.6
CUST_9659,4,3.875
CUST_9660,2,3.65
CUST_9662,3,3.5666666666666664
CUST_9663,2,3.35
CUST_9664,5,3.8600000000000003
CUST_9665,3,4.366666666666667
CUST_9666,5,3.9
CUST_9667,6,4.116666666666666
CUST_9668,6,3.883333333333333
CUST_9669,6,3.85
CUST_9670,3,3.8000000000000003
CUST_9671,3,3.9
CUST_9672,2,4.15
CUST_9673,5,3.9200000000000004
CUST_9674,3,4.533333333333333
CUST_9676,3,4.333333333333333
CUST_9677,5,4.0200000000000005
CUST_9678,1,4.9
CUST_9679,2,4.35
CUST_9680,4,3.7
CUST_9681,2,4.0
CUST_9682,3,4.366666666666666
CUST_9683,1,3.1
CUST_9684,4,4.2
CUST_9685,1,3.2
CUST_9686,2,3.75
CUST_9687,1,4.8
CUST_9689,5,3.7600000000000002
CUST_9690,7,3.9
CUST_9691,7,3.642857142857143
CUST_9692,4,4.1
CUST_9693,6,3.8166666666666664
CUST_9694,2,4.0
CUST_9695,2,3.1
CUST_9696,2,4.25
CUST_9697,8,3.9625
CUST_9698,9,4.111111111111111
CUST_9699,2,3.95
CUST_9700,8,4.4625
CUST_9701,3,4.233333333333333
CUST_9702,3,3.6999999999999997
CUST_9703,1,4.4
CUST_9704,4,4.0
CUST_9706,1,3.9
CUST_9707,1,3.7
CUST_9708,3,4.1000000000000005
CUST_9709,3,4.366666666666666
CUST_9710,3,3.633333333333333
CUST_9711,6,3.9333333333333336
CUST_9712,1,3.8
CUST_9713,2,3.75
CUST_9714,3,3.4
CUST_9715,6,3.783333333333333
CUST_9716,1,4.6
CUST_9717,1,3.6
CUST_9718,2,4.0
CUST_9719,4,4.025
CUST_9720,4,4.35
CUST_9721,5,4.0200000000000005
CUST_9722,3,3.9333333333333336
CUST_9723,2,3.6
CUST_9724,7,3.6714285714285713
CUST_9725,3,4.633333333333334
CUST_9726,1,3.1
CUST_9727,4,4.1
CUST_9728,4,4.075
CUST_9729,3,3.9333333333333336
CUST_9730,4,4.4
CUST_9731,1,3.2
CUST_9732,2,4.449999999999999
CUST_9733,3,3.6333333333333333
CUST_9734,2,3.35
CUST_9735,3,4.233333333333333
CUST_9736,4,3.85
CUST_9737,2,3.3
CUST_9738,1,4.1
CUST_9739,4,3.425
CUST_9740,7,4.057142857142857
CUST_9741,5,3.62
CUST_9742,3,4.033333333333333
CUST_9743,6,4.3
CUST_9744,1,3.3
CUST_9745,6,4.033333333333334
CUST_9746,4,4.25
CUST_9747,3,3.1666666666666665
CUST_9748,8,3.7875
CUST_9749,1,4.8
CUST_9750,4,4.075
CUST_9751,7,4.228571428571429
CUST_9752,3,4.2
CUST_9753,5,4.08
CUST_9754,3,4.1000000000000005
CUST_9755,7,4.128571428571428
CUST_9756,3,3.533333333333333
CUST_9757,5,3.9200000000000004
CUST_9758,4,3.35
CUST_9759,6,3.7166666666666663
CUST_9760,1,4.2
CUST_9761,5,3.9799999999999995
CUST_9762,3,3.6999999999999997
CUST_9763,3,4.366666666666666
CUST_9764,3,4.166666666666667
CUST_9765,8,4.2
CUST_9766,1,3.2
CUST_9767,5,3.6399999999999997
CUST_9768,3,4.0
CUST_9769,3,4.633333333333333
CUST_9770,3,3.8666666666666667
CUST_9771,2,3.95
CUST_9772,5,3.9
CUST_9773,6,3.8666666666666667
CUST_9774,5,4.34
CUST_9775,4,4.075
CUST_9776,4,3.625
CUST_9777,2,3.4000000000000004
CUST_9778,1,4.6
CUST_9779,4,3.85
CUST_9780,4,4.2
CUST_9781,1,3.4
CUST_9782,6,3.85
CUST_9783,2,4.800000000000001
CUST_9784,3,3.966666666666667
CUST_9785,6,4.116666666666666
CUST_9786,7,3.857142857142857
CUST_9787,2,3.7
CUST_9788,5,3.8
CUST_9789,7,4.057142857142857
CUST_9790,3,4.233333333333333
CUST_9791,5,4.18
CUST_9792,3,4.3999999999999995
CUST_9793,3,3.6
CUST_9795,3,4.133333333333334
CUST_9796,3,4.366666666666667
CUST_9797,4,4.6
CUST_9798,4,4.125
CUST_9799,3,3.9333333333333336
CUST_9800,3,4.1000000000000005
CUST_9801,2,4.6
CUST_9802,7,3.857142857142857
CUST_9803,1,4.5
CUST_9804,6,4.216666666666666
CUST_9805,3,4.466666666666667
CUST_9806,5,4.340000000000001
CUST_9807,6,4.283333333333333
CUST_9808,6,4.25
CUST_9809,1,3.9
CUST_9810,7,4.314285714285714
CUST_9811,2,4.15
CUST_9812,3,4.3
CUST_9813,5,4.0600000000000005
CUST_9814,3,4.633333333333334
CUST_9815,1,3.7
CUST_9816,1,4.8
CUST_9817,3,3.6
CUST_9818,7,4.042857142857143
CUST_9819,4,3.575
CUST_9820,3,3.1
CUST_9821,8,3.8874999999999997
CUST_9822,1,3.6
CUST_9824,6,3.933333333333333
CUST_9825,2,3.5
CUST_9826,5,4.1
CUST_9827,7,3.814285714285714
CUST_9828,1,4.1
CUST_9829,4,4.575
CUST_9830,4,3.875
CUST_9831,4,3.55
CUST_9832,5,4.0200000000000005
CUST_9833,3,4.533333333333334
CUST_9834,5,3.8600000000000003
CUST_9835,5,3.8600000000000003
CUST_9836,2,4.05
CUST_9837,6,3.9166666666666665
CUST_9838,2,3.75
CUST_9840,2,4.65
CUST_9841,7,4.171428571428572
CUST_9842,3,4.266666666666667
CUST_9843,3,3.9
CUST_9844,3,3.8000000000000003
CUST_9845,2,3.95
CUST_9846,6,4.083333333333333
CUST_9847,4,3.7
CUST_9848,3,4.033333333333333
CUST_9849,4,4.4
CUST_9850,6,3.9
CUST_9851,3,4.0
CUST_9852,2,3.95
CUST_9853,2,3.2
CUST_9854,5,4.14
CUST_9855,2,3.95
CUST_9856,11,4.2272727272727275
CUST_9857,2,4.15
CUST_9858,1,3.3
CUST_9859,2,3.75
CUST_9860,3,4.233333333333333
CUST_9861,6,3.8666666666666667
CUST_9862,1,3.9
CUST_9863,3,4.2
CUST_9864,5,3.7
CUST_9866,4,3.45
CUST_9867,2,3.3
CUST_9868,3,4.1000000000000005
CUST_9869,3,4.266666666666667
CUST_9870,4,4.325
CUST_9871,10,4.1
CUST_9872,2,4.35
CUST_9873,5,3.54
CUST_9874,2,3.8
CUST_9875,5,3.6799999999999997
CUST_9876,5,3.34
CUST_9877,4,3.7249999999999996
CUST_9878,1,3.7
CUST_9879,4,4.3
CUST_9880,4,3.825
CUST_9881,1,3.2
CUST_9882,4,4.0
CUST_9883,5,4.16
CUST_9884,4,4.225
CUST_9885,2,3.6500000000000004
CUST_9886,2,3.95
CUST_9887,3,4.566666666666666
CUST_9888,2,4.35
CUST_9889,1,3.7
CUST_9890,2,4.45
CUST_9891,1,3.8
CUST_9892,8,3.6125
CUST_9893,6,4.283333333333334
CUST_9894,3,3.9333333333333336
CUST_9896,2,3.6
CUST_9897,5,3.3600000000000003
CUST_9898,3,4.066666666666667
CUST_9899,3,4.633333333333333
CUST_9900,4,4.175
CUST_9901,4,4.25
CUST_9902,1,4.4
CUST_9903,3,4.533333333333334
CUST_9904,6,3.783333333333333
CUST_9905,3,4.166666666666667
CUST_9906,2,4.4
CUST_9907,5,4.3
CUST_9908,5,3.9
CUST_9909,1,5.0
CUST_9910,1,4.9
CUST_9911,1,3.6
CUST_9912,5,4.26
CUST_9914,3,3.9
CUST_9916,2,3.6500000000000004
CUST_9917,2,3.75
CUST_9918,4,3.875
CUST_9919,5,3.94
CUST_9920,4,3.7750000000000004
CUST_9921,4,3.725
CUST_9922,4,3.55
CUST_9923,2,3.3499999999999996
CUST_9924,5,4.0
CUST_9925,3,3.6666666666666665
CUST_9926,1,3.6
CUST_9927,1,3.9
CUST_9928,2,4.05
CUST_9929,1,3.5
CUST_9930,3,4.433333333333334
CUST_9931,2,3.95
CUST_9932,2,4.15
CUST_9933,2,4.550000000000001
CUST_9934,2,4.9
CUST_9935,1,3.6
CUST_9936,3,4.1000000000000005
CUST_9937,3,3.733333333333333
CUST_9938,6,3.783333333333333
CUST_9939,4,4.175
CUST_9940,3,4.3
CUST_9941,4,4.05
CUST_9942,2,4.1
CUST_9943,2,3.8499999999999996
CUST_9944,5,4.0200000000000005
CUST_9945,2,4.449999999999999
CUST_9946,4,3.9749999999999996
CUST_9947,6,4.1000000000000005
CUST_9948,4,3.75
CUST_9950,2,3.7
CUST_9951,5,4.4
CUST_9952,2,4.05
CUST_9953,2,4.4
CUST_9954,4,4.2
CUST_9955,9,4.077777777777778
CUST_9956,3,3.766666666666667
CUST_9957,7,3.957142857142857
CUST_9958,3,3.866666666666667
CUST_9959,2,3.9
CUST_9960,1,4.9
CUST_9961,1,4.0
CUST_9962,5,3.9200000000000004
CUST_9963,3,3.533333333333333
CUST_9964,7,4.128571428571428
CUST_9965,1,3.4
CUST_9966,2,3.3
CUST_9967,2,3.75
CUST_9969,2,4.4
CUST_9970,5,4.1
CUST_9971,4,3.875
CUST_9972,4,4.65
CUST_9973,3,4.1000000000000005
CUST_9974,2,3.8
CUST_9975,1,4.0
CUST_9976,3,4.133333333333333
CUST_9977,7,4.1571428571428575
CUST_9978,7,4.328571428571428
CUST_9979,2,3.9499999999999997
CUST_9980,3,4.533333333333333
CUST_9981,4,4.25
CUST_9982,2,3.95
CUST_9984,3,4.0
CUST_9985,3,4.066666666666666
CUST_9986,6,3.766666666666666
CUST_9987,5,3.8599999999999994
CUST_9988,2,3.65
CUST_9989,1,3.7
CUST_9990,2,4.35
CUST_9991,3,3.533333333333333
CUST_9992,3,4.3999999999999995
CUST_9993,4,3.8
CUST_9994,3,4.1
CUST_9995,4,4.175
CUST_9996,1,3.3
CUST_9998,3,4.3
CUST_9999,2,3.7
